year,award,category,project_name,team,source_url,primary_url,github_url,url_status,http_status,page_title_now,evidence_snippet,wayback_first,wayback_last,wayback_count,github_last_commit,checked_at,cause_of_death,cause_resolved,notes
2025,金賞,一般部門,ちゅーりんうぉっち,,https://urbandata-challenge.jp/news/udc2025prize,,,unknown,,,,,,,,2026-08-31T09:59:15.805381+00:00,,,theme=住宅・土地・公園・公共施設; type=アプリケーション; no explicit public URL or GitHub URL on official source page
2025,銀賞,一般部門,通報しに行っちゃお！言っちゃお！～若者の社会参画の促進～,,https://urbandata-challenge.jp/news/udc2025prize,,,unknown,,,,,,,,2026-08-31T09:59:15.805381+00:00,,,theme=住宅・土地・公園・公共施設; type=アクティビティ; no explicit public URL or GitHub URL on official source page
2025,銀賞,一般部門,3D-BW (3D Break-Water Simulator),,https://urbandata-challenge.jp/news/udc2025prize,,,unknown,,,,,,,,2026-08-31T09:59:15.805381+00:00,,,theme=河川・港湾・上下水道; type=アプリケーション; no explicit public URL or GitHub URL on official source page
2025,銀賞,一般部門,クイズでつなぐ石川のまち,,https://urbandata-challenge.jp/news/udc2025prize,,,unknown,,,,,,,,2026-08-31T09:59:15.805381+00:00,,,theme=住宅・土地・公園・公共施設; type=アプリケーション; no explicit public URL or GitHub URL on official source page
2025,銀賞,一般部門,遊びを加えた山の危険度認識と豪雨災害に向けた避難意識の向上策,,https://urbandata-challenge.jp/news/udc2025prize,,,unknown,,,,,,,,2026-08-31T09:59:15.805381+00:00,,,theme=防犯・防災; type=アクティビティ; no explicit public URL or GitHub URL on official source page
2025,銀賞,一般部門,Live Shibuya Digital Twin：ライブデータ×3D×VRによる都市状況可視化と生成AIによるリアルタイム世界改変,,https://urbandata-challenge.jp/news/udc2025prize,,,unknown,,,,,,,,2026-08-31T09:59:15.805381+00:00,,,theme=まちづくり・都市計画; type=アプリケーション; no explicit public URL or GitHub URL on official source page
2025,銅賞,一般部門,和算を嗜む ー ダンジョンＲＰＧ,,https://urbandata-challenge.jp/news/udc2025prize,,,unknown,,,,,,,,2026-08-31T09:59:15.805381+00:00,,,theme=教育・政治; type=アプリケーション; no explicit public URL or GitHub URL on official source page
2025,銅賞,一般部門,九州元気マップ,,https://urbandata-challenge.jp/news/udc2025prize,,,unknown,,,,,,,,2026-08-31T09:59:15.805381+00:00,,,theme=産業・観光; type=アプリケーション; no explicit public URL or GitHub URL on official source page
2025,銅賞,一般部門,3Dで体験する次世代インフラツーリズムとメンテナンス教育ツール,,https://urbandata-challenge.jp/news/udc2025prize,,,unknown,,,,,,,,2026-08-31T09:59:15.805381+00:00,,,theme=河川・港湾・上下水道; type=アプリケーション; no explicit public URL or GitHub URL on official source page
2025,銅賞,一般部門,選挙中じゃないときも、議員の「日々の活動」や「地域の問題や未来についてどう考えているのか」がわかる“さいたまのせいじ（政治）見える化”プロジェクト,,https://urbandata-challenge.jp/news/udc2025prize,,,unknown,,,,,,,,2026-08-31T09:59:15.805381+00:00,,,theme=教育・政治; type=アクティビティ; no explicit public URL or GitHub URL on official source page
2025,銅賞,一般部門,デジタル版「菊池ふるさとかるた」,,https://urbandata-challenge.jp/news/udc2025prize,,,unknown,,,,,,,,2026-08-31T09:59:15.805381+00:00,,,theme=教育・政治; type=データ; no explicit public URL or GitHub URL on official source page
2025,銅賞,一般部門,広島県インフラマネジメント基盤Dobox等で樹園地の持続可能性を考えてみた・・・,,https://urbandata-challenge.jp/news/udc2025prize,,,unknown,,,,,,,,2026-08-31T09:59:15.805381+00:00,,,theme=農業・林業・漁業; type=データ; no explicit public URL or GitHub URL on official source page
2025,銅賞,一般部門,のぼレコ,,https://urbandata-challenge.jp/news/udc2025prize,,,unknown,,,,,,,,2026-08-31T09:59:15.805381+00:00,,,theme=医療・健康; type=アイデア; no explicit public URL or GitHub URL on official source page
2025,銅賞,一般部門,交通安全オープンデータを活用した総合オンラインマップの構築と事故対策支援への応用,,https://urbandata-challenge.jp/news/udc2025prize,,,unknown,,,,,,,,2026-08-31T09:59:15.805381+00:00,,,theme=防犯・防災; type=アプリケーション; no explicit public URL or GitHub URL on official source page
2025,銅賞,一般部門,迷わないバスナビ,,https://urbandata-challenge.jp/news/udc2025prize,,,unknown,,,,,,,,2026-08-31T09:59:15.805381+00:00,,,theme=道路・交通; type=アプリケーション; no explicit public URL or GitHub URL on official source page
2025,最優秀賞,ビジネス・プロフェッショナル部門,～都市居住環境を高速でデジタル化～ 生成AI駆動型三次元建物モデリングシステム,,https://urbandata-challenge.jp/news/udc2025prize,,,unknown,,,,,,,,2026-08-31T09:59:15.805381+00:00,,,theme=まちづくり・都市計画; type=アプリケーション; no explicit public URL or GitHub URL on official source page
2025,優秀賞,ビジネス・プロフェッショナル部門,災害データ可視化サービス「DP Note」の開発,,https://urbandata-challenge.jp/news/udc2025prize,,,unknown,,,,,,,,2026-08-31T09:59:15.805381+00:00,,,theme=防犯・防災; type=データ; no explicit public URL or GitHub URL on official source page
2025,優秀賞,ビジネス・プロフェッショナル部門,水のみち散策,,https://urbandata-challenge.jp/news/udc2025prize,,,unknown,,,,,,,,2026-08-31T09:59:15.805381+00:00,,,theme=住宅・土地・公園・公共施設; type=データ; no explicit public URL or GitHub URL on official source page
2025,優秀賞,ビジネス・プロフェッショナル部門,特殊橋における3次元モデルを活用した維持管理手法,,https://urbandata-challenge.jp/news/udc2025prize,,,unknown,,,,,,,,2026-08-31T09:59:15.805381+00:00,,,theme=道路・交通; type=アイデア; no explicit public URL or GitHub URL on official source page
2025,優秀賞,ビジネス・プロフェッショナル部門,子ども統計教室「まちケア・ステップ」,,https://urbandata-challenge.jp/news/udc2025prize,,,unknown,,,,,,,,2026-08-31T09:59:15.805381+00:00,,,theme=教育・政治; type=アクティビティ; no explicit public URL or GitHub URL on official source page
2025,実行委員会特別賞,,通報しに行っちゃお！言っちゃお！～若者の社会参画の促進～,,https://urbandata-challenge.jp/news/udc2025prize,,,unknown,,,,,,,,2026-08-31T09:59:15.805381+00:00,,,theme=住宅・土地・公園・公共施設; type=アクティビティ; official award page has no 部門 value for this award row; no explicit public URL or GitHub URL on official source page
2025,実行委員会特別賞,,広島県の取組〜2025〜,,https://urbandata-challenge.jp/news/udc2025prize,,,unknown,,,,,,,,2026-08-31T09:59:15.805381+00:00,,,theme=住宅・土地・公園・公共施設; type=アクティビティ; official award page has no 部門 value for this award row; no explicit public URL or GitHub URL on official source page
2025,実行委員会特別賞,,飛騨高山をデジタル都市へ～名大生・山高生の観光まちづくりプロジェクト～,,https://urbandata-challenge.jp/news/udc2025prize,,,unknown,,,,,,,,2026-08-31T09:59:15.805381+00:00,,,theme=まちづくり・都市計画; type=アクティビティ; official award page has no 部門 value for this award row; no explicit public URL or GitHub URL on official source page
2025,学生奨励賞,,視線入力どうぶつクイズゲーム,,https://urbandata-challenge.jp/news/udc2025prize,,,unknown,,,,,,,,2026-08-31T09:59:15.805381+00:00,,,theme=教育・政治; type=アプリケーション; official award page has no 部門 value for this award row; no explicit public URL or GitHub URL on official source page
2025,学生奨励賞,,Poetech太宰府,,https://urbandata-challenge.jp/news/udc2025prize,,,unknown,,,,,,,,2026-08-31T09:59:15.805381+00:00,,,theme=まちづくり・都市計画; type=データ; official award page has no 部門 value for this award row; no explicit public URL or GitHub URL on official source page
2025,学生奨励賞,,ANSHIN JAPAN,,https://urbandata-challenge.jp/news/udc2025prize,,,unknown,,,,,,,,2026-08-31T09:59:15.805381+00:00,,,theme=防犯・防災; type=アプリケーション; official award page has no 部門 value for this award row; no explicit public URL or GitHub URL on official source page
2025,学生奨励賞,,持続可能な街づくりのための指標とデータ分析基盤の開発,,https://urbandata-challenge.jp/news/udc2025prize,,,unknown,,,,,,,,2026-08-31T09:59:15.805381+00:00,,,theme=まちづくり・都市計画; type=データ; official award page has no 部門 value for this award row; no explicit public URL or GitHub URL on official source page
2025,学生奨励賞,,マイボ,,https://urbandata-challenge.jp/news/udc2025prize,,,unknown,,,,,,,,2026-08-31T09:59:15.805381+00:00,,,theme=住宅・土地・公園・公共施設; type=アイデア; official award page has no 部門 value for this award row; no explicit public URL or GitHub URL on official source page
2025,GTFS最優秀賞,,迷わないバスナビ,,https://urbandata-challenge.jp/news/udc2025prize,,,unknown,,,,,,,,2026-08-31T09:59:15.805381+00:00,,,theme=道路・交通; type=アプリケーション; official award page has no 部門 value for this award row; no explicit public URL or GitHub URL on official source page
2025,GTFS奨励賞,,GTFSを使ったバス停留所案内の多言語対応の推進,,https://urbandata-challenge.jp/news/udc2025prize,,,unknown,,,,,,,,2026-08-31T09:59:15.805381+00:00,,,theme=道路・交通; type=アプリケーション; official award page has no 部門 value for this award row; no explicit public URL or GitHub URL on official source page
2025,BODIK賞,,BODIK Data Viewer,,https://urbandata-challenge.jp/news/udc2025prize,,,unknown,,,,,,,,2026-08-31T09:59:15.805381+00:00,,,theme=住宅・土地・公園・公共施設; type=アプリケーション; official award page has no 部門 value for this award row; no explicit public URL or GitHub URL on official source page
2025,BODIK技術賞,,九州元気マップ,,https://urbandata-challenge.jp/news/udc2025prize,,,unknown,,,,,,,,2026-08-31T09:59:15.805381+00:00,,,theme=産業・観光; type=アプリケーション; official award page has no 部門 value for this award row; no explicit public URL or GitHub URL on official source page
2025,BODIK奨励賞,,ノーコード地域アプリ作成プラットフォーム,,https://urbandata-challenge.jp/news/udc2025prize,,,unknown,,,,,,,,2026-08-31T09:59:15.805381+00:00,,,theme=生活・文化・地域アーカイブ; type=アイデア; official award page has no 部門 value for this award row; no explicit public URL or GitHub URL on official source page
2025,土木学会賞,,3D-BW (3D Break-Water Simulator),,https://urbandata-challenge.jp/news/udc2025prize,,,unknown,,,,,,,,2026-08-31T09:59:15.805381+00:00,,,theme=河川・港湾・上下水道; type=アプリケーション; official award page has no 部門 value for this award row; no explicit public URL or GitHub URL on official source page
2025,土木学会賞,,VP Studio,,https://urbandata-challenge.jp/news/udc2025prize,,,unknown,,,,,,,,2026-08-31T09:59:15.805381+00:00,,,theme=道路・交通; type=アプリケーション; official award page has no 部門 value for this award row; no explicit public URL or GitHub URL on official source page
2025,JACIC賞 最優秀賞,,4D因果律に基づくインフラ管理システム ～4D Causal Infrastructure Management (4D-CIM)～,,https://urbandata-challenge.jp/news/udc2025prize,,,unknown,,,,,,,,2026-08-31T09:59:15.805381+00:00,,,theme=道路・交通; type=アイデア; official award page has no 部門 value for this award row; no explicit public URL or GitHub URL on official source page
2025,JACIC賞 優秀賞,,3Dで体験する次世代インフラツーリズムとメンテナンス教育ツール,,https://urbandata-challenge.jp/news/udc2025prize,,,unknown,,,,,,,,2026-08-31T09:59:15.805381+00:00,,,theme=河川・港湾・上下水道; type=アプリケーション; official award page has no 部門 value for this award row; no explicit public URL or GitHub URL on official source page
2025,JACIC賞 優秀賞,,「ドローン×AI」によるインフラ維持管理,,https://urbandata-challenge.jp/news/udc2025prize,,,unknown,,,,,,,,2026-08-31T09:59:15.805381+00:00,,,theme=住宅・土地・公園・公共施設; type=アイデア; official award page has no 部門 value for this award row; no explicit public URL or GitHub URL on official source page
2025,JACIC賞 優秀賞,,AI×市民×行政でつくる次世代インフラ点検アプリ,,https://urbandata-challenge.jp/news/udc2025prize,,,unknown,,,,,,,,2026-08-31T09:59:15.805381+00:00,,,theme=防犯・防災; type=アイデア; official award page has no 部門 value for this award row; no explicit public URL or GitHub URL on official source page
2025,JACIC賞 優秀賞,,自然言語で検索・診断できる3Dデータのインフラ点検ＤＸ,,https://urbandata-challenge.jp/news/udc2025prize,,,unknown,,,,,,,,2026-08-31T09:59:15.805381+00:00,,,theme=住宅・土地・公園・公共施設; type=アイデア; official award page has no 部門 value for this award row; no explicit public URL or GitHub URL on official source page
2025,デジタルツイン地域貢献賞,,Live Shibuya Digital Twin：ライブデータ×3D×VRによる都市状況可視化と生成AIによるリアルタイム世界改変,,https://urbandata-challenge.jp/news/udc2025prize,,,unknown,,,,,,,,2026-08-31T09:59:15.805381+00:00,,,theme=まちづくり・都市計画; type=アプリケーション; official award page has no 部門 value for this award row; no explicit public URL or GitHub URL on official source page
2024,金賞,一般部門,ヒヤリハットから作成するバリアフリーマップ,,https://urbandata-challenge.jp/news/udc2024prize,,,unknown,,,,,,,,2026-08-31T09:59:15.805381+00:00,,,theme=生活・文化・地域アーカイブ; type=データ; no explicit public URL or GitHub URL on official source page
2024,銀賞,一般部門,名大生・山高生によるデータを利活用した観光まちづくりin飛騨高山,,https://urbandata-challenge.jp/news/udc2024prize,,,unknown,,,,,,,,2026-08-31T09:59:15.805381+00:00,,,theme=まちづくり・都市計画; type=アクティビティ; no explicit public URL or GitHub URL on official source page
2024,銀賞,一般部門,PhotoBot,,https://urbandata-challenge.jp/news/udc2024prize,,,unknown,,,,,,,,2026-08-31T09:59:15.805381+00:00,,,theme=生活・文化・地域アーカイブ; type=アプリケーション; no explicit public URL or GitHub URL on official source page
2024,銀賞,一般部門,岐阜ロゲ ver.3,,https://urbandata-challenge.jp/news/udc2024prize,,,unknown,,,,,,,,2026-08-31T09:59:15.805381+00:00,,,theme=生活・文化・地域アーカイブ; type=アクティビティ; no explicit public URL or GitHub URL on official source page
2024,銀賞,一般部門,プレイ＆サバイブ,,https://urbandata-challenge.jp/news/udc2024prize,,,unknown,,,,,,,,2026-08-31T09:59:15.805381+00:00,,,theme=防犯・防災; type=アプリケーション; no explicit public URL or GitHub URL on official source page
2024,銀賞,一般部門,和光市こどもの居場所オープンデータ,,https://urbandata-challenge.jp/news/udc2024prize,,,unknown,,,,,,,,2026-08-31T09:59:15.805381+00:00,,,theme=生活・文化・地域アーカイブ; type=データ; no explicit public URL or GitHub URL on official source page
2024,銅賞,一般部門,デジタル地球儀,,https://urbandata-challenge.jp/news/udc2024prize,,,unknown,,,,,,,,2026-08-31T09:59:15.805381+00:00,,,theme=教育・政治; type=アプリケーション; no explicit public URL or GitHub URL on official source page
2024,銅賞,一般部門,人流ハック ～データで遊ぶ都市体験～,,https://urbandata-challenge.jp/news/udc2024prize,,,unknown,,,,,,,,2026-08-31T09:59:15.805381+00:00,,,theme=生活・文化・地域アーカイブ; type=アイデア; no explicit public URL or GitHub URL on official source page
2024,銅賞,一般部門,千葉移住サポートデータ,,https://urbandata-challenge.jp/news/udc2024prize,,,unknown,,,,,,,,2026-08-31T09:59:15.805381+00:00,,,theme=住宅・土地・公園・公共施設; type=データ; no explicit public URL or GitHub URL on official source page
2024,銅賞,一般部門,廃食油回収アプリ「ナビッシュ」の提案 ～捨てない未来の新エネルギー～,,https://urbandata-challenge.jp/news/udc2024prize,,,unknown,,,,,,,,2026-08-31T09:59:15.805381+00:00,,,theme=生活・文化・地域アーカイブ; type=アイデア; no explicit public URL or GitHub URL on official source page
2024,銅賞,一般部門,地方移住支援アプリ「移住シミュレーション」,,https://urbandata-challenge.jp/news/udc2024prize,,,unknown,,,,,,,,2026-08-31T09:59:15.805381+00:00,,,theme=まちづくり・都市計画; type=アプリケーション; no explicit public URL or GitHub URL on official source page
2024,銅賞,一般部門,広島県におけるデータ利活用の取り組みについて,,https://urbandata-challenge.jp/news/udc2024prize,,,unknown,,,,,,,,2026-08-31T09:59:15.805381+00:00,,,theme=防犯・防災; type=アクティビティ; no explicit public URL or GitHub URL on official source page
2024,銅賞,一般部門,柑橘類産地としての持続性の維持・向上のために － 支援ツールとしての地形データ等を活用した3DWebGIS －,,https://urbandata-challenge.jp/news/udc2024prize,,,unknown,,,,,,,,2026-08-31T09:59:15.805381+00:00,,,theme=農業・林業・漁業; type=アイデア; no explicit public URL or GitHub URL on official source page
2024,銅賞,一般部門,おでかけ提案アプリ まちマッチング,,https://urbandata-challenge.jp/news/udc2024prize,,,unknown,,,,,,,,2026-08-31T09:59:15.805381+00:00,,,theme=道路・交通; type=アプリケーション; no explicit public URL or GitHub URL on official source page
2024,銅賞,一般部門,内水氾濫常襲地における被害予測,,https://urbandata-challenge.jp/news/udc2024prize,,,unknown,,,,,,,,2026-08-31T09:59:15.805381+00:00,,,theme=河川・港湾・上下水道; type=データ; no explicit public URL or GitHub URL on official source page
2024,銅賞,一般部門,「もちコレ」を活用した「お餅トッピングパーティ」の実践,,https://urbandata-challenge.jp/news/udc2024prize,,,unknown,,,,,,,,2026-08-31T09:59:15.805381+00:00,,,theme=生活・文化・地域アーカイブ; type=アクティビティ; no explicit public URL or GitHub URL on official source page
2024,銅賞,一般部門,ぽいくる（Poicle）,,https://urbandata-challenge.jp/news/udc2024prize,,,unknown,,,,,,,,2026-08-31T09:59:15.805381+00:00,,,theme=産業・観光; type=アプリケーション; no explicit public URL or GitHub URL on official source page
2024,最優秀賞,ビジネス・プロフェッショナル部門,SAGAスマート街なかプロジェクトの議論支援システム群,,https://urbandata-challenge.jp/news/udc2024prize,,,unknown,,,,,,,,2026-08-31T09:59:15.805381+00:00,,,theme=まちづくり・都市計画; type=アプリケーション; no explicit public URL or GitHub URL on official source page
2024,優秀賞,ビジネス・プロフェッショナル部門,みんなの自主防,,https://urbandata-challenge.jp/news/udc2024prize,,,unknown,,,,,,,,2026-08-31T09:59:15.805381+00:00,,,theme=防犯・防災; type=アプリケーション; no explicit public URL or GitHub URL on official source page
2024,優秀賞,ビジネス・プロフェッショナル部門,『インフラすごろく』 〜インフラツーリズムのラストワンマイルを解決して、すごろくをめぐるようにインフラめぐり〜,,https://urbandata-challenge.jp/news/udc2024prize,,,unknown,,,,,,,,2026-08-31T09:59:15.805381+00:00,,,theme=産業・観光; type=アプリケーション; no explicit public URL or GitHub URL on official source page
2024,優秀賞,ビジネス・プロフェッショナル部門,AIを活用した地域資源の発掘と地域助け合いネットワークの構築,,https://urbandata-challenge.jp/news/udc2024prize,,,unknown,,,,,,,,2026-08-31T09:59:15.805381+00:00,,,theme=生活・文化・地域アーカイブ; type=アクティビティ; no explicit public URL or GitHub URL on official source page
2024,優秀賞,ビジネス・プロフェッショナル部門,駅キャラFILES,,https://urbandata-challenge.jp/news/udc2024prize,,,unknown,,,,,,,,2026-08-31T09:59:15.805381+00:00,,,theme=生活・文化・地域アーカイブ; type=データ; no explicit public URL or GitHub URL on official source page
2024,実行委員会特別賞,,玉名未来づくり研究所,,https://urbandata-challenge.jp/news/udc2024prize,,,unknown,,,,,,,,2026-08-31T09:59:15.805381+00:00,,,theme=まちづくり・都市計画; type=アクティビティ; official award page has no 部門 value for this award row; no explicit public URL or GitHub URL on official source page
2024,学生奨励賞,,ポイバスター ～ポイ捨てゴミを捕獲して街と 一緒にレベルアップ！～,,https://urbandata-challenge.jp/news/udc2024prize,,,unknown,,,,,,,,2026-08-31T09:59:15.805381+00:00,,,theme=生活・文化・地域アーカイブ; type=アプリケーション; official award page has no 部門 value for this award row; no explicit public URL or GitHub URL on official source page
2024,学生奨励賞,,埼玉県全域における石橋供養塔のアーカイブ化,,https://urbandata-challenge.jp/news/udc2024prize,,,unknown,,,,,,,,2026-08-31T09:59:15.805381+00:00,,,theme=生活・文化・地域アーカイブ; type=データ; official award page has no 部門 value for this award row; no explicit public URL or GitHub URL on official source page
2024,GTFS賞,,おでかけ提案アプリ まちマッチング,,https://urbandata-challenge.jp/news/udc2024prize,,,unknown,,,,,,,,2026-08-31T09:59:15.805381+00:00,,,theme=道路・交通; type=アプリケーション; official award page has no 部門 value for this award row; no explicit public URL or GitHub URL on official source page
2024,GTFS賞,,ぽいくる（Poicle）,,https://urbandata-challenge.jp/news/udc2024prize,,,unknown,,,,,,,,2026-08-31T09:59:15.805381+00:00,,,theme=産業・観光; type=アプリケーション; official award page has no 部門 value for this award row; no explicit public URL or GitHub URL on official source page
2024,土木学会賞,,ぽいくる（Poicle）,,https://urbandata-challenge.jp/news/udc2024prize,,,unknown,,,,,,,,2026-08-31T09:59:15.805381+00:00,,,theme=産業・観光; type=アプリケーション; official award page has no 部門 value for this award row; no explicit public URL or GitHub URL on official source page
2023,金賞,一般部門,「Knight モード」で帰らナイト。,,https://urbandata-challenge.jp/news/udc2023prize,,,unknown,,,,,,,,2026-08-31T09:59:15.805381+00:00,,,theme=防犯・防災; type=アイデア; no explicit public URL or GitHub URL on official source page
2023,銀賞,一般部門,みんなのトイレマップ,,https://urbandata-challenge.jp/news/udc2023prize,,,unknown,,,,,,,,2026-08-31T09:59:15.805381+00:00,,,theme=まちづくり・都市計画; type=アプリケーション; no explicit public URL or GitHub URL on official source page
2023,銀賞,一般部門,GoVote KAWASAKI ～さそいあって選挙にいこう！～,,https://urbandata-challenge.jp/news/udc2023prize,,,unknown,,,,,,,,2026-08-31T09:59:15.805381+00:00,,,theme=教育・政治; type=アクティビティ; no explicit public URL or GitHub URL on official source page
2023,銀賞,一般部門,車窓Grapher,,https://urbandata-challenge.jp/news/udc2023prize,,,unknown,,,,,,,,2026-08-31T09:59:15.805381+00:00,,,theme=産業・観光; type=アプリケーション; no explicit public URL or GitHub URL on official source page
2023,銅賞,一般部門,岐阜ロゲ ver.2,,https://urbandata-challenge.jp/news/udc2023prize,,,unknown,,,,,,,,2026-08-31T09:59:15.805381+00:00,,,theme=産業・観光; type=アクティビティ; no explicit public URL or GitHub URL on official source page
2023,銅賞,一般部門,日本全国の町丁目別緑被率オープンデータ,,https://urbandata-challenge.jp/news/udc2023prize,,,unknown,,,,,,,,2026-08-31T09:59:15.805381+00:00,,,theme=まちづくり・都市計画; type=データ; no explicit public URL or GitHub URL on official source page
2023,銅賞,一般部門,防災かるたアプリを活用した子供の防災意識改善に関する取り組み,,https://urbandata-challenge.jp/news/udc2023prize,,,unknown,,,,,,,,2026-08-31T09:59:15.805381+00:00,,,theme=防犯・防災; type=アクティビティ; no explicit public URL or GitHub URL on official source page
2023,銅賞,一般部門,HIYAMAP～GISを活用した安心・安全な「まち」づくり～,,https://urbandata-challenge.jp/news/udc2023prize,,,unknown,,,,,,,,2026-08-31T09:59:15.805381+00:00,,,theme=防犯・防災; type=アクティビティ; no explicit public URL or GitHub URL on official source page
2023,銅賞,一般部門,人流データによる地域魅力度可視化システム,,https://urbandata-challenge.jp/news/udc2023prize,,,unknown,,,,,,,,2026-08-31T09:59:15.805381+00:00,,,theme=産業・観光; type=アプリケーション; no explicit public URL or GitHub URL on official source page
2023,銅賞,一般部門,ラーメン食べても罪滅ぼしウォーキング,,https://urbandata-challenge.jp/news/udc2023prize,,,unknown,,,,,,,,2026-08-31T09:59:15.805381+00:00,,,theme=産業・観光; type=アプリケーション; no explicit public URL or GitHub URL on official source page
2023,銅賞,一般部門,桜咲プロジェクト in 奈良,,https://urbandata-challenge.jp/news/udc2023prize,,,unknown,,,,,,,,2026-08-31T09:59:15.805381+00:00,,,theme=生活・文化・地域アーカイブ; type=アクティビティ; no explicit public URL or GitHub URL on official source page
2023,銅賞,一般部門,Bus TimeTable by Edge Runtime,,https://urbandata-challenge.jp/news/udc2023prize,,,unknown,,,,,,,,2026-08-31T09:59:15.805381+00:00,,,theme=道路・交通; type=アプリケーション; no explicit public URL or GitHub URL on official source page
2023,銅賞,一般部門,PLATEAUを利用した名古屋市の犯罪マップと類似領域検索,,https://urbandata-challenge.jp/news/udc2023prize,,,unknown,,,,,,,,2026-08-31T09:59:15.805381+00:00,,,theme=防犯・防災; type=アプリケーション; no explicit public URL or GitHub URL on official source page
2023,銅賞,一般部門,石橋供養塔から復元する江戸時代の交通環境 ‐埼玉県坂戸市を事例として‐,,https://urbandata-challenge.jp/news/udc2023prize,,,unknown,,,,,,,,2026-08-31T09:59:15.805381+00:00,,,theme=生活・文化・地域アーカイブ; type=データ; no explicit public URL or GitHub URL on official source page
2023,最優秀賞,ビジネス・プロフェッショナル部門,似た境遇のひとり親同士が繋がれ相談し合えるトークアプリ「ペアチル」,,https://urbandata-challenge.jp/news/udc2023prize,,,unknown,,,,,,,,2026-08-31T09:59:15.805381+00:00,,,theme=教育・政治; type=アプリケーション; no explicit public URL or GitHub URL on official source page
2023,優秀賞,ビジネス・プロフェッショナル部門,メタ観光,,https://urbandata-challenge.jp/news/udc2023prize,,,unknown,,,,,,,,2026-08-31T09:59:15.805381+00:00,,,theme=産業・観光; type=アクティビティ; no explicit public URL or GitHub URL on official source page
2023,優秀賞,ビジネス・プロフェッショナル部門,GTFSデータの整備及び利活用促進のためのツール群の開発,,https://urbandata-challenge.jp/news/udc2023prize,,,unknown,,,,,,,,2026-08-31T09:59:15.805381+00:00,,,theme=道路・交通; type=アプリケーション; no explicit public URL or GitHub URL on official source page
2023,優秀賞,ビジネス・プロフェッショナル部門,地方公共交通の運用の効率測定を自動化するMaaS DXサービス,,https://urbandata-challenge.jp/news/udc2023prize,,,unknown,,,,,,,,2026-08-31T09:59:15.805381+00:00,,,theme=道路・交通; type=アプリケーション; no explicit public URL or GitHub URL on official source page
2023,優秀賞,ビジネス・プロフェッショナル部門,CrossPlatform GISViewer,,https://urbandata-challenge.jp/news/udc2023prize,,,unknown,,,,,,,,2026-08-31T09:59:15.805381+00:00,,,theme=まちづくり・都市計画; type=アイデア; no explicit public URL or GitHub URL on official source page
2023,実行委員会特別賞,,獣害マップ,,https://urbandata-challenge.jp/news/udc2023prize,,,unknown,,,,,,,,2026-08-31T09:59:15.805381+00:00,,,theme=農業・林業・漁業; type=アプリケーション; official award page has no 部門 value for this award row; no explicit public URL or GitHub URL on official source page
2023,実行委員会特別賞,,安芸高田市に人を集めたい！,,https://urbandata-challenge.jp/news/udc2023prize,,,unknown,,,,,,,,2026-08-31T09:59:15.805381+00:00,,,theme=産業・観光; type=データ; official award page has no 部門 value for this award row; no explicit public URL or GitHub URL on official source page
2023,学生奨励賞,,石橋供養塔から復元する江戸時代の交通環境 ‐埼玉県坂戸市を事例として‐,,https://urbandata-challenge.jp/news/udc2023prize,,,unknown,,,,,,,,2026-08-31T09:59:15.805381+00:00,,,theme=生活・文化・地域アーカイブ; type=データ; official award page has no 部門 value for this award row; no explicit public URL or GitHub URL on official source page
2023,学生奨励賞,,読み聞かせナビ,,https://urbandata-challenge.jp/news/udc2023prize,,,unknown,,,,,,,,2026-08-31T09:59:15.805381+00:00,,,theme=教育・政治; type=アプリケーション; official award page has no 部門 value for this award row; no explicit public URL or GitHub URL on official source page
2023,学生奨励賞,,ウィキペディアで地域情報を世界に発信,,https://urbandata-challenge.jp/news/udc2023prize,,,unknown,,,,,,,,2026-08-31T09:59:15.805381+00:00,,,theme=生活・文化・地域アーカイブ; type=アクティビティ; official award page has no 部門 value for this award row; no explicit public URL or GitHub URL on official source page
2023,国土交通データプラットフォーム特別賞,,長野県の橋梁GIS,,https://urbandata-challenge.jp/news/udc2023prize,,,unknown,,,,,,,,2026-08-31T09:59:15.805381+00:00,,,theme=道路・交通; type=アプリケーション; official award page has no 部門 value for this award row; no explicit public URL or GitHub URL on official source page
2023,国土交通データプラットフォーム特別賞,,道の駅API,,https://urbandata-challenge.jp/news/udc2023prize,,,unknown,,,,,,,,2026-08-31T09:59:15.805381+00:00,,,theme=産業・観光; type=アプリケーション; official award page has no 部門 value for this award row; no explicit public URL or GitHub URL on official source page
2023,国土交通データプラットフォーム特別賞,,車窓Grapher,,https://urbandata-challenge.jp/news/udc2023prize,,,unknown,,,,,,,,2026-08-31T09:59:15.805381+00:00,,,theme=産業・観光; type=アプリケーション; official award page has no 部門 value for this award row; no explicit public URL or GitHub URL on official source page
2023,国土交通データプラットフォーム特別賞,,PLATEAUを利用した名古屋市の犯罪マップと類似領域検索,,https://urbandata-challenge.jp/news/udc2023prize,,,unknown,,,,,,,,2026-08-31T09:59:15.805381+00:00,,,theme=防犯・防災; type=アプリケーション; official award page has no 部門 value for this award row; no explicit public URL or GitHub URL on official source page
2023,GBFS特別賞,,エンサイクルペディア,,https://urbandata-challenge.jp/news/udc2023prize,,,unknown,,,,,,,,2026-08-31T09:59:15.805381+00:00,,,theme=道路・交通; type=アプリケーション; official award page has no 部門 value for this award row; no explicit public URL or GitHub URL on official source page
2023,GTFS賞最優秀賞,,Bus TimeTable by Edge Runtime,,https://urbandata-challenge.jp/news/udc2023prize,,,unknown,,,,,,,,2026-08-31T09:59:15.805381+00:00,,,theme=道路・交通; type=アプリケーション; official award page has no 部門 value for this award row; no explicit public URL or GitHub URL on official source page
2023,GTFS賞優秀賞,,安芸高田市に人を集めたい！,,https://urbandata-challenge.jp/news/udc2023prize,,,unknown,,,,,,,,2026-08-31T09:59:15.805381+00:00,,,theme=産業・観光; type=データ; official award page has no 部門 value for this award row; no explicit public URL or GitHub URL on official source page
2023,GTFS賞優秀賞,,地方公共交通の運用の効率測定を自動化するMaaS DXサービス,,https://urbandata-challenge.jp/news/udc2023prize,,,unknown,,,,,,,,2026-08-31T09:59:15.805381+00:00,,,theme=道路・交通; type=アプリケーション; official award page has no 部門 value for this award row; no explicit public URL or GitHub URL on official source page
2023,BODIK奨励賞,,日本全国WiFi探しの旅,,https://urbandata-challenge.jp/news/udc2023prize,,,unknown,,,,,,,,2026-08-31T09:59:15.805381+00:00,,,theme=産業・観光; type=アプリケーション; official award page has no 部門 value for this award row; no explicit public URL or GitHub URL on official source page
2023,BODIK奨励賞,,どこでも使えるWEBスタンプラリー,,https://urbandata-challenge.jp/news/udc2023prize,,,unknown,,,,,,,,2026-08-31T09:59:15.805381+00:00,,,theme=産業・観光; type=アプリケーション; official award page has no 部門 value for this award row; no explicit public URL or GitHub URL on official source page
2023,BODIK奨励賞,,熊本県文化財一覧 地図検索,,https://urbandata-challenge.jp/news/udc2023prize,,,unknown,,,,,,,,2026-08-31T09:59:15.805381+00:00,,,theme=産業・観光; type=データ; official award page has no 部門 value for this award row; no explicit public URL or GitHub URL on official source page
2023,BODIK奨励賞,,マイ議会 ―地方議会のオープンデータ体験プラットフォーム―,,https://urbandata-challenge.jp/news/udc2023prize,,,unknown,,,,,,,,2026-08-31T09:59:15.805381+00:00,,,theme=教育・政治; type=アクティビティ; official award page has no 部門 value for this award row; no explicit public URL or GitHub URL on official source page
2023,BODIK奨励賞,,玉名市文化財を地図上検索,,https://urbandata-challenge.jp/news/udc2023prize,,,unknown,,,,,,,,2026-08-31T09:59:15.805381+00:00,,,theme=生活・文化・地域アーカイブ; type=データ; official award page has no 部門 value for this award row; no explicit public URL or GitHub URL on official source page
2023,BODIK奨励賞,,地図で見る熊本市校区別世帯数,,https://urbandata-challenge.jp/news/udc2023prize,,,unknown,,,,,,,,2026-08-31T09:59:15.805381+00:00,,,theme=教育・政治; type=データ; official award page has no 部門 value for this award row; no explicit public URL or GitHub URL on official source page
2023,BODIK奨励賞,,オープンデータ検索・取組状況可視化アプリ,,https://urbandata-challenge.jp/news/udc2023prize,,,unknown,,,,,,,,2026-08-31T09:59:15.805381+00:00,,,theme=まちづくり・都市計画; type=データ; official award page has no 部門 value for this award row; no explicit public URL or GitHub URL on official source page
2022,金賞,一般部門,岐阜ロゲ,,https://urbandata-challenge.jp/news/udc2022prize,,,unknown,,,,,,,,2026-08-31T09:59:15.805381+00:00,,,theme=住宅・土地・公園・公共施設; type=アクティビティ; no explicit public URL or GitHub URL on official source page
2022,銀賞,一般部門,橋梁流失リスクのオープンデータから始める気候変動適応ワークショップ「X-Bridge」,,https://urbandata-challenge.jp/news/udc2022prize,,,unknown,,,,,,,,2026-08-31T09:59:15.805381+00:00,,,theme=防犯・防災; type=アクティビティ; no explicit public URL or GitHub URL on official source page
2022,銀賞,一般部門,iPhoneで作るバリアフリーマップ,,https://urbandata-challenge.jp/news/udc2022prize,,,unknown,,,,,,,,2026-08-31T09:59:15.805381+00:00,,,theme=道路・交通; type=データ; no explicit public URL or GitHub URL on official source page
2022,銀賞,一般部門,メタ巡検ーメタバース上で行う新しいフィールドワークの提案ー,,https://urbandata-challenge.jp/news/udc2022prize,,,unknown,,,,,,,,2026-08-31T09:59:15.805381+00:00,,,theme=生活・文化・地域アーカイブ; type=アプリケーション; no explicit public URL or GitHub URL on official source page
2022,銅賞,一般部門,関数創発コミュニティ『かんすうや』,,https://urbandata-challenge.jp/news/udc2022prize,,,unknown,,,,,,,,2026-08-31T09:59:15.805381+00:00,,,theme=教育・政治; type=アプリケーション; no explicit public URL or GitHub URL on official source page
2022,銅賞,一般部門,鬼死骸村絵図デジタルマップ,,https://urbandata-challenge.jp/news/udc2022prize,,,unknown,,,,,,,,2026-08-31T09:59:15.805381+00:00,,,theme=生活・文化・地域アーカイブ; type=アクティビティ; no explicit public URL or GitHub URL on official source page
2022,銅賞,一般部門,防災アプリ「SHS災害.info」の開発,,https://urbandata-challenge.jp/news/udc2022prize,,,unknown,,,,,,,,2026-08-31T09:59:15.805381+00:00,,,theme=防犯・防災; type=アプリケーション; no explicit public URL or GitHub URL on official source page
2022,銅賞,一般部門,自治会活動のデジタル化～自治会をハックしよう～,,https://urbandata-challenge.jp/news/udc2022prize,,,unknown,,,,,,,,2026-08-31T09:59:15.805381+00:00,,,theme=生活・文化・地域アーカイブ; type=アクティビティ; no explicit public URL or GitHub URL on official source page
2022,銅賞,一般部門,激アツ！昆虫マップ,,https://urbandata-challenge.jp/news/udc2022prize,,,unknown,,,,,,,,2026-08-31T09:59:15.805381+00:00,,,theme=住宅・土地・公園・公共施設; type=アプリケーション; no explicit public URL or GitHub URL on official source page
2022,銅賞,一般部門,ランダムな言葉でめぐる謎解き公園探索,,https://urbandata-challenge.jp/news/udc2022prize,,,unknown,,,,,,,,2026-08-31T09:59:15.805381+00:00,,,theme=住宅・土地・公園・公共施設; type=アプリケーション; no explicit public URL or GitHub URL on official source page
2022,銅賞,一般部門,インタラクティブなデジタルサイネージ Act-is,,https://urbandata-challenge.jp/news/udc2022prize,,,unknown,,,,,,,,2026-08-31T09:59:15.805381+00:00,,,theme=産業・観光; type=アイデア; no explicit public URL or GitHub URL on official source page
2022,銅賞,一般部門,座標とれ～る,,https://urbandata-challenge.jp/news/udc2022prize,,,unknown,,,,,,,,2026-08-31T09:59:15.805381+00:00,,,theme=住宅・土地・公園・公共施設; type=データ; no explicit public URL or GitHub URL on official source page
2022,銅賞,一般部門,Linked Data API Navi,,https://urbandata-challenge.jp/news/udc2022prize,,,unknown,,,,,,,,2026-08-31T09:59:15.805381+00:00,,,theme=住宅・土地・公園・公共施設; type=アプリケーション; no explicit public URL or GitHub URL on official source page
2022,銅賞,一般部門,子ども達とふるさとへの愛着を育てる「くさつお宝マップ」,,https://urbandata-challenge.jp/news/udc2022prize,,,unknown,,,,,,,,2026-08-31T09:59:15.805381+00:00,,,theme=住宅・土地・公園・公共施設; type=アクティビティ; no explicit public URL or GitHub URL on official source page
2022,銅賞,一般部門,豊山町における介護予防を目的としたデータの収集・活用,,https://urbandata-challenge.jp/news/udc2022prize,,,unknown,,,,,,,,2026-08-31T09:59:15.805381+00:00,,,theme=医療・健康; type=アクティビティ; no explicit public URL or GitHub URL on official source page
2022,最優秀賞,ビジネス・プロフェッショナル部門,観光DX推進2022 in 飛騨高山,,https://urbandata-challenge.jp/news/udc2022prize,,,unknown,,,,,,,,2026-08-31T09:59:15.805381+00:00,,,theme=産業・観光; type=アクティビティ; no explicit public URL or GitHub URL on official source page
2022,優秀賞,ビジネス・プロフェッショナル部門,みんなが使える、パッとわかる オープンデータ活用プラットフォーム Class Studio,,https://urbandata-challenge.jp/news/udc2022prize,,,unknown,,,,,,,,2026-08-31T09:59:15.805381+00:00,,,theme=住宅・土地・公園・公共施設; type=アプリケーション; no explicit public URL or GitHub URL on official source page
2022,優秀賞,ビジネス・プロフェッショナル部門,インフラ構造物の工事/業務/点検結果などの情報を3D管理するアプリケーション,,https://urbandata-challenge.jp/news/udc2022prize,,,unknown,,,,,,,,2026-08-31T09:59:15.805381+00:00,,,theme=道路・交通; type=アプリケーション; no explicit public URL or GitHub URL on official source page
2022,優秀賞,ビジネス・プロフェッショナル部門,浸水想定区域における道路維持管理計画の策定支援,,https://urbandata-challenge.jp/news/udc2022prize,,,unknown,,,,,,,,2026-08-31T09:59:15.805381+00:00,,,theme=道路・交通; type=アプリケーション; no explicit public URL or GitHub URL on official source page
2022,優秀賞,ビジネス・プロフェッショナル部門,PLATEAU YOKOHAMA タンジブルインタフェース,,https://urbandata-challenge.jp/news/udc2022prize,,,unknown,,,,,,,,2026-08-31T09:59:15.805381+00:00,,,theme=まちづくり・都市計画; type=アプリケーション; no explicit public URL or GitHub URL on official source page
2022,学生奨励賞,一般部門,規制緩和によるドローン到達可能エリアシミュレーションマップ,,https://urbandata-challenge.jp/news/udc2022prize,,,unknown,,,,,,,,2026-08-31T09:59:15.805381+00:00,,,theme=道路・交通; type=アイデア; no explicit public URL or GitHub URL on official source page
2022,学生奨励賞,一般部門,商店街イベント応援プロジェクトと店舗オープンデータの活用,,https://urbandata-challenge.jp/news/udc2022prize,,,unknown,,,,,,,,2026-08-31T09:59:15.805381+00:00,,,theme=まちづくり・都市計画; type=アイデア; no explicit public URL or GitHub URL on official source page
2022,国土交通データチャレンジ特別賞,一般部門,ハザードマップゲーム（遊ぶハザードマップ）,,https://urbandata-challenge.jp/news/udc2022prize,,,unknown,,,,,,,,2026-08-31T09:59:15.805381+00:00,,,theme=防犯・防災; type=アイデア; no explicit public URL or GitHub URL on official source page
2022,国土交通データチャレンジ特別賞,ビジネス・プロフェッショナル部門,インフラ構造物の工事/業務/点検結果などの情報を3D管理するアプリケーション,,https://urbandata-challenge.jp/news/udc2022prize,,,unknown,,,,,,,,2026-08-31T09:59:15.805381+00:00,,,theme=道路・交通; type=アプリケーション; no explicit public URL or GitHub URL on official source page
2022,国土交通データチャレンジ特別賞,ビジネス・プロフェッショナル部門,浸水想定区域における道路維持管理計画の策定支援,,https://urbandata-challenge.jp/news/udc2022prize,,,unknown,,,,,,,,2026-08-31T09:59:15.805381+00:00,,,theme=道路・交通; type=アプリケーション; no explicit public URL or GitHub URL on official source page
2022,土木学会インフラデータチャレンジ賞,一般部門,耳で聞く水害ハザードマップ,,https://urbandata-challenge.jp/news/udc2022prize,,,unknown,,,,,,,,2026-08-31T09:59:15.805381+00:00,,,theme=防犯・防災; type=アプリケーション; no explicit public URL or GitHub URL on official source page
2022,土木学会インフラデータチャレンジ賞,一般部門,橋梁流失リスクのオープンデータから始める気候変動適応ワークショップ「X-Bridge」,,https://urbandata-challenge.jp/news/udc2022prize,,,unknown,,,,,,,,2026-08-31T09:59:15.805381+00:00,,,theme=防犯・防災; type=アクティビティ; no explicit public URL or GitHub URL on official source page
2022,土木学会インフラデータチャレンジ賞,一般部門,看護学生がつくるバリアフリーの3Dタウン,,https://urbandata-challenge.jp/news/udc2022prize,,,unknown,,,,,,,,2026-08-31T09:59:15.805381+00:00,,,theme=医療・健康; type=アクティビティ; no explicit public URL or GitHub URL on official source page
2022,金賞,一般部門,自治会活動のデジタル化～自治会をハックしよう～,,https://urbandata-challenge.jp/news/udc2022prize,,,unknown,,,,,,,,2026-08-31T09:59:15.805381+00:00,,,theme=生活・文化・地域アーカイブ; type=アクティビティ; no explicit public URL or GitHub URL on official source page
2022,銀賞,一般部門,ねこにげ～ペットと避難できる避難所マップ～,,https://urbandata-challenge.jp/news/udc2022prize,,,unknown,,,,,,,,2026-08-31T09:59:15.805381+00:00,,,theme=住宅・土地・公園・公共施設; type=アクティビティ; no explicit public URL or GitHub URL on official source page
2022,銅賞,一般部門,鯉のテーマパーク「鯉っちゃう？」,,https://urbandata-challenge.jp/news/udc2022prize,,,unknown,,,,,,,,2026-08-31T09:59:15.805381+00:00,,,theme=生活・文化・地域アーカイブ; type=アプリケーション; no explicit public URL or GitHub URL on official source page
2022,国立国会図書館特別賞,一般部門,関数創発コミュニティ『かんすうや』,,https://urbandata-challenge.jp/news/udc2022prize,,,unknown,,,,,,,,2026-08-31T09:59:15.805381+00:00,,,theme=教育・政治; type=アイデア; no explicit public URL or GitHub URL on official source page
2021,金賞,,ＡＥＤシートとＡＥＤ設置場所のオープンデータ化,,https://urbandata-challenge.jp/news/udc2021prize,https://kumano-sp.kiiminpo.jp/aed/,,reachable_unrelated,200,AEDシート設置場所｜熊野高校Kumanoサポーターズリーダー,,2022-09-29,2025-03-17,6,,2026-08-31T11:15:13.670974+00:00,,,"theme=生活・文化・地域アーカイブ; type=アイデア; official award page has no 部門 value for this award row; no explicit public URL or GitHub URL on official source page; URL explored from https://docs.google.com/spreadsheets/d/1hSYKFHLhibWWVv_ccyErgAc3gsAoTPbTIbPAMjmouP8/edit?usp=sharing; robots.txt returned 404; no rules found; 200 page did not match project name; robots.txt returned 404; no rules found; CDX filters=mimetype:text/html,collapse=digest"
2021,銀賞,,由来のわかる地名カルタ「言の場」,,https://urbandata-challenge.jp/news/udc2021prize,https://kotono.ba/,,unknown,406,406 — Not Acceptable,,2021-08-17,2026-04-21,26,,2026-08-31T11:15:13.670974+00:00,,,"theme=生活・文化・地域アーカイブ; type=アプリケーション; official award page has no 部門 value for this award row; no explicit public URL or GitHub URL on official source page; URL explored from https://docs.google.com/spreadsheets/d/1hSYKFHLhibWWVv_ccyErgAc3gsAoTPbTIbPAMjmouP8/edit?usp=sharing; robots.txt read; robots.txt returned 404; no rules found; CDX filters=mimetype:text/html,collapse=digest"
2021,銀賞,,未来を創る教育DX,,https://urbandata-challenge.jp/news/udc2021prize,,,unknown,,,,,,,,2026-08-31T09:59:15.805381+00:00,,,theme=教育・政治; type=アイデア; official award page has no 部門 value for this award row; no explicit public URL or GitHub URL on official source page
2021,銀賞,,龍野高校周辺の内水氾濫ハザードマップ,,https://urbandata-challenge.jp/news/udc2021prize,http://www.azeta.jp/kadaikenkyuu_2021/index.html,,reachable_related,200,内水氾濫ハザードマップ,,2022-05-16,2024-08-14,2,,2026-08-31T11:15:13.670974+00:00,,,"theme=防犯・防災; type=アクティビティ; official award page has no 部門 value for this award row; no explicit public URL or GitHub URL on official source page; URL explored from https://docs.google.com/spreadsheets/d/1hSYKFHLhibWWVv_ccyErgAc3gsAoTPbTIbPAMjmouP8/edit?usp=sharing; robots.txt returned 404; no rules found; project-name relatedness found in title/body; robots.txt returned 404; no rules found; CDX filters=mimetype:text/html,collapse=digest"
2021,銅賞,,地域交通・観光活性化を目的とした謎解きゲームアプリ「船内脱出ゲーム なぞなぞクジラと不思議な船」,,https://urbandata-challenge.jp/news/udc2021prize,https://nazokujira.sakura.ne.jp/,,unknown,,,,,,0,,2026-08-31T11:15:13.670974+00:00,,,"theme=産業・観光; type=アプリケーション; official award page has no 部門 value for this award row; no explicit public URL or GitHub URL on official source page; URL explored from https://docs.google.com/spreadsheets/d/1hSYKFHLhibWWVv_ccyErgAc3gsAoTPbTIbPAMjmouP8/edit?usp=sharing; robots.txt error=ConnectionError; request skipped conservatively; robots.txt returned 404; no rules found; CDX filters=mimetype:text/html,collapse=digest"
2021,銅賞,,佐賀水歴史マップ,,https://urbandata-challenge.jp/news/udc2021prize,https://winter.ai.is.saga-u.ac.jp/water-map/,,unknown,,,,2024-08-11,2024-08-11,1,,2026-08-31T11:15:13.670974+00:00,,,"theme=生活・文化・地域アーカイブ; type=アイデア; official award page has no 部門 value for this award row; no explicit public URL or GitHub URL on official source page; URL explored from https://docs.google.com/spreadsheets/d/1hSYKFHLhibWWVv_ccyErgAc3gsAoTPbTIbPAMjmouP8/edit?usp=sharing; robots.txt error=ConnectTimeout; request skipped conservatively; robots.txt returned 404; no rules found; CDX filters=mimetype:text/html,collapse=digest"
2021,銅賞,,Sake Analyzer,,https://urbandata-challenge.jp/news/udc2021prize,https://sake-analyzer-udc.herokuapp.com/,,unreachable,404,No such app,,2022-03-14,2022-03-14,1,,2026-08-31T11:15:13.670974+00:00,,,"theme=産業・観光; type=アプリケーション; official award page has no 部門 value for this award row; no explicit public URL or GitHub URL on official source page; URL explored from https://docs.google.com/spreadsheets/d/1hSYKFHLhibWWVv_ccyErgAc3gsAoTPbTIbPAMjmouP8/edit?usp=sharing; robots.txt returned 404; no rules found; robots.txt returned 404; no rules found; CDX filters=mimetype:text/html,collapse=digest"
2021,銅賞,,室蘭時層写真プロジェクト,,https://urbandata-challenge.jp/news/udc2021prize,https://openphoto.app/c/cfmuroran,,reachable_related,200,室蘭時層写真プロジェクト | OpenPhoto,,2022-03-26,2026-02-10,13,,2026-08-31T11:15:13.670974+00:00,,,"theme=生活・文化・地域アーカイブ; type=アクティビティ; official award page has no 部門 value for this award row; no explicit public URL or GitHub URL on official source page; URL explored from https://docs.google.com/spreadsheets/d/1hSYKFHLhibWWVv_ccyErgAc3gsAoTPbTIbPAMjmouP8/edit?usp=sharing; robots.txt returned 404; no rules found; project-name relatedness found in title/body; robots.txt returned 404; no rules found; CDX filters=mimetype:text/html,collapse=digest"
2021,銅賞,,シビックテック井戸端キャスト,,https://urbandata-challenge.jp/news/udc2021prize,https://anchor.fm/civictechcast,,redirected_domain,200,シビックテック井戸端キャスト • A podcast on Spotify for Creators,,,,0,,2026-08-31T11:15:13.670974+00:00,,,"theme=生活・文化・地域アーカイブ; type=アクティビティ; official award page has no 部門 value for this award row; no explicit public URL or GitHub URL on official source page; URL explored from https://docs.google.com/spreadsheets/d/1hSYKFHLhibWWVv_ccyErgAc3gsAoTPbTIbPAMjmouP8/edit?usp=sharing; robots.txt read; redirected to different domain: creators.spotify.com; robots.txt returned 404; no rules found; CDX filters=mimetype:text/html,collapse=digest"
2021,銅賞,,カーネル密度推定を利用した愛知県・犯罪ヒートマップ,,https://urbandata-challenge.jp/news/udc2021prize,https://mukai-lab.info/application/CrimeHeatmap,,reachable_related,200,CodePen - Leaflet Template,,2022-07-06,2022-07-06,1,,2026-08-31T11:15:13.670974+00:00,,,"theme=防犯・防災; type=アプリケーション; official award page has no 部門 value for this award row; no explicit public URL or GitHub URL on official source page; URL explored from https://docs.google.com/spreadsheets/d/1hSYKFHLhibWWVv_ccyErgAc3gsAoTPbTIbPAMjmouP8/edit?usp=sharing; robots.txt read; project-name relatedness found in title/body; robots.txt returned 404; no rules found; CDX filters=mimetype:text/html,collapse=digest"
2021,銅賞,,GakutoBeat,,https://urbandata-challenge.jp/news/udc2021prize,https://www.dropbox.com/sh/mgo4i67pyrdp3it/AAC-hGuwrzNib06MSiSe6JVsa?dl=0,,unknown,,,,,,,,2026-08-31T11:15:13.670974+00:00,,,theme=医療・健康; type=アプリケーション; official award page has no 部門 value for this award row; no explicit public URL or GitHub URL on official source page; URL explored from https://docs.google.com/spreadsheets/d/1hSYKFHLhibWWVv_ccyErgAc3gsAoTPbTIbPAMjmouP8/edit?usp=sharing; blocked by robots.txt; robots.txt returned 404; no rules found; CDX parse error=JSONDecodeError
2021,銅賞,,新潟市道路網-POIグラフデータ,,https://urbandata-challenge.jp/news/udc2021prize,,https://github.com/ggszk/niigata-gis-graph,reachable_related,200,GitHub - ggszk/niigata-gis-graph: Create graph data from Niigata-GIS data · GitHub,,,,0,2025-04-13T06:28:40Z,2026-08-31T11:15:13.670974+00:00,,,"theme=道路・交通; type=データ; official award page has no 部門 value for this award row; no explicit public URL or GitHub URL on official source page; URL explored from https://docs.google.com/spreadsheets/d/1hSYKFHLhibWWVv_ccyErgAc3gsAoTPbTIbPAMjmouP8/edit?usp=sharing; survival check used github_url because primary_url is absent; robots.txt read; project-name relatedness found in title/body; robots.txt returned 404; no rules found; CDX filters=mimetype:text/html,collapse=digest; robots.txt returned 404; no rules found; GitHub REST API"
2021,銅賞,,インターネット不要！どこでもオフライン地図サーバ,,https://urbandata-challenge.jp/news/udc2021prize,,https://github.com/furuhashilab/URBAN-DATA-CHALLENGE,reachable_related,200,GitHub - furuhashilab/URBAN-DATA-CHALLENGE: 2021_URBAN DATA CHALLENGE 作品提出用リポジトリ · GitHub,,,,0,2022-05-22T09:04:37Z,2026-08-31T11:15:13.670974+00:00,,,"theme=防犯・防災; type=アプリケーション; official award page has no 部門 value for this award row; no explicit public URL or GitHub URL on official source page; URL explored from https://docs.google.com/spreadsheets/d/1hSYKFHLhibWWVv_ccyErgAc3gsAoTPbTIbPAMjmouP8/edit?usp=sharing; survival check used github_url because primary_url is absent; robots.txt read; project-name relatedness found in title/body; robots.txt returned 404; no rules found; CDX filters=mimetype:text/html,collapse=digest; robots.txt returned 404; no rules found; GitHub REST API"
2021,銅賞,,定年退職後のセカンドライフ適正診断ツール「人生これから診断」はたらく・学ぶ・たのしむ さいたま市編の開発,,https://urbandata-challenge.jp/news/udc2021prize,,,unknown,,,,,,,,2026-08-31T09:59:15.805381+00:00,,,theme=生活・文化・地域アーカイブ; type=アクティビティ; official award page has no 部門 value for this award row; no explicit public URL or GitHub URL on official source page
2021,銅賞,,バスあと何分ミニサイネージ,,https://urbandata-challenge.jp/news/udc2021prize,,,unknown,,,,,,,,2026-08-31T09:59:15.805381+00:00,,,theme=道路・交通; type=アプリケーション; official award page has no 部門 value for this award row; no explicit public URL or GitHub URL on official source page
2021,最優秀賞,ビジネス・プロフェッショナル部門,Arakawa Digital Twin Online -荒川３Ｄ河川管内図 河川管理情報プラットフォームの構築-,,https://urbandata-challenge.jp/news/udc2021prize,https://www.ktr.mlit.go.jp/arage/arage01048.html,,reachable_related,200,荒川デジタル河川管内図（下流域）更新状況 | 荒川下流河川事務所 | 国土交通省 関東地方整備局,,2021-07-05,2026-01-30,12,,2026-08-31T11:15:13.670974+00:00,,,"theme=河川・港湾・上下水道; type=アプリケーション; no explicit public URL or GitHub URL on official source page; URL explored from https://docs.google.com/spreadsheets/d/1hSYKFHLhibWWVv_ccyErgAc3gsAoTPbTIbPAMjmouP8/edit?usp=sharing; robots.txt returned 404; no rules found; project-name relatedness found in title/body; robots.txt returned 404; no rules found; CDX filters=mimetype:text/html,collapse=digest"
2021,優秀賞,ビジネス・プロフェッショナル部門,高山市におけるAIカメラを活用したデータ収集と地域での活用に向けて,,https://urbandata-challenge.jp/news/udc2021prize,,,unknown,,,,,,,,2026-08-31T09:59:15.805381+00:00,,,theme=産業・観光; type=アクティビティ; no explicit public URL or GitHub URL on official source page
2021,優秀賞,ビジネス・プロフェッショナル部門,位置情報ベースのタスク管理ツール LOBSTA で防災施設の点検・報告作業をデジタル化,,https://urbandata-challenge.jp/news/udc2021prize,,,unknown,,,,,,,,2026-08-31T09:59:15.805381+00:00,,,theme=防犯・防災; type=アプリケーション; no explicit public URL or GitHub URL on official source page
2021,優秀賞,ビジネス・プロフェッショナル部門,Urban Pulse – pg_scheduleserv によるスマートシティ向けスケジュールエンジン,,https://urbandata-challenge.jp/news/udc2021prize,https://demo.udc.pgrouting.org/,,unknown,,,,,,0,,2026-08-31T11:15:13.670974+00:00,,,"theme=道路・交通; type=アプリケーション; no explicit public URL or GitHub URL on official source page; URL explored from https://docs.google.com/spreadsheets/d/1hSYKFHLhibWWVv_ccyErgAc3gsAoTPbTIbPAMjmouP8/edit?usp=sharing; robots.txt error=ConnectionError; request skipped conservatively; robots.txt returned 404; no rules found; CDX filters=mimetype:text/html,collapse=digest"
2021,優秀賞,ビジネス・プロフェッショナル部門,伝統産業ｘＩＴで美濃焼の地域ブランディングを推進する活動,,https://urbandata-challenge.jp/news/udc2021prize,,,unknown,,,,,,,,2026-08-31T09:59:15.805381+00:00,,,theme=産業・観光; type=アクティビティ; no explicit public URL or GitHub URL on official source page
2021,金賞,,バスあと何分ミニサイネージ,,https://urbandata-challenge.jp/news/udc2021prize,,,unknown,,,,,,,,2026-08-31T09:59:15.805381+00:00,,,theme=道路・交通; type=アプリケーション; official award page has no 部門 value for this award row; no explicit public URL or GitHub URL on official source page
2021,銀賞,,室蘭時層写真プロジェクト,,https://urbandata-challenge.jp/news/udc2021prize,https://openphoto.app/c/cfmuroran,,reachable_related,200,室蘭時層写真プロジェクト | OpenPhoto,,2022-03-26,2026-02-10,13,,2026-08-31T11:15:13.670974+00:00,,,"theme=生活・文化・地域アーカイブ; type=アクティビティ; official award page has no 部門 value for this award row; no explicit public URL or GitHub URL on official source page; URL explored from https://docs.google.com/spreadsheets/d/1hSYKFHLhibWWVv_ccyErgAc3gsAoTPbTIbPAMjmouP8/edit?usp=sharing; robots.txt returned 404; no rules found; project-name relatedness found in title/body; robots.txt returned 404; no rules found; CDX filters=mimetype:text/html,collapse=digest"
2021,特別賞,,道路名別高速道路路線データ,,https://urbandata-challenge.jp/news/udc2021prize,,,unknown,,,,,,,,2026-08-31T09:59:15.805381+00:00,,,theme=道路・交通; type=データ; official award page has no 部門 value for this award row; no explicit public URL or GitHub URL on official source page
2021,特別賞,,防災道の駅オープンデータ,,https://urbandata-challenge.jp/news/udc2021prize,,,unknown,,,,,,,,2026-08-31T09:59:15.805381+00:00,,,theme=防犯・防災; type=データ; official award page has no 部門 value for this award row; no explicit public URL or GitHub URL on official source page
2021,特別賞,,“間抜け”定期を使って！会おう！マップ,,https://urbandata-challenge.jp/news/udc2021prize,,,unknown,,,,,,,,2026-08-31T09:59:15.805381+00:00,,,theme=道路・交通; type=アイデア; official award page has no 部門 value for this award row; no explicit public URL or GitHub URL on official source page
2021,特別賞,,被災状況早期検知システム,,https://urbandata-challenge.jp/news/udc2021prize,,,unknown,,,,,,,,2026-08-31T09:59:15.805381+00:00,,,theme=防犯・防災; type=アプリケーション; official award page has no 部門 value for this award row; no explicit public URL or GitHub URL on official source page
2020,金賞,,ガタリコ,,https://urbandata-challenge.jp/news/udc2020prize,https://apps.apple.com/jp/app/%E3%82%AC%E3%82%BF%E3%83%AA%E3%82%B3/id1538308049,,unreachable,404,,,2022-06-25,2024-05-13,2,,2026-08-31T11:15:13.670974+00:00,,,"theme=生活・文化・地域アーカイブ; type=アプリケーション; official award page has no 部門 value for this award row; no explicit public URL or GitHub URL on official source page; URL explored from https://docs.google.com/spreadsheets/d/1lc56B5xNghkz82AzxBv_19iARWowPgISZwT3fekKzVw/edit?usp=sharing; robots.txt read; robots.txt returned 404; no rules found; CDX filters=mimetype:text/html,collapse=digest"
2020,銀賞,,#すそのんエール飯ドライブスルー弁当市場 在庫お知らせサービス,,https://urbandata-challenge.jp/news/udc2020prize,https://susononyell.glideapp.io/,,unreachable,404,,,2021-09-27,2025-04-19,4,,2026-08-31T11:15:13.670974+00:00,,,"theme=産業・観光; type=アクティビティ; official award page has no 部門 value for this award row; no explicit public URL or GitHub URL on official source page; URL explored from https://docs.google.com/spreadsheets/d/1lc56B5xNghkz82AzxBv_19iARWowPgISZwT3fekKzVw/edit?usp=sharing; robots.txt read; robots.txt returned 404; no rules found; CDX filters=mimetype:text/html,collapse=digest"
2020,銀賞,,ミュージカルとデータでまちの魅力発信！「川崎シビックプライド」,,https://urbandata-challenge.jp/news/udc2020prize,https://www.youtube.com/watch?v=ygp_a6HFgsc,,reachable_related,200,川崎シビックプライド（川崎市プロモーションミュージックビデオ）シビックパワーバトル2020全国大会最優秀賞受賞作品 - YouTube,,2020-10-22,2025-06-07,15,,2026-08-31T11:15:13.670974+00:00,,,"theme=産業・観光; type=アクティビティ; official award page has no 部門 value for this award row; no explicit public URL or GitHub URL on official source page; URL explored from https://docs.google.com/spreadsheets/d/1lc56B5xNghkz82AzxBv_19iARWowPgISZwT3fekKzVw/edit?usp=sharing; robots.txt read; project-name relatedness found in title/body; robots.txt returned 404; no rules found; CDX filters=mimetype:text/html,collapse=digest; 2026-09-23: stored title was UTF-8 mis-decoded as MacRoman; title restored losslessly and status re-evaluated with the same rule (no re-fetch)"
2020,銀賞,,東広島テイクアウトマップアプリ,,https://urbandata-challenge.jp/news/udc2020prize,https://durh4.glideapp.io/,,unreachable,404,,,2020-05-02,2025-06-24,12,,2026-08-31T11:15:13.670974+00:00,,,"theme=産業・観光; type=アプリケーション; official award page has no 部門 value for this award row; no explicit public URL or GitHub URL on official source page; URL explored from https://docs.google.com/spreadsheets/d/1lc56B5xNghkz82AzxBv_19iARWowPgISZwT3fekKzVw/edit?usp=sharing; robots.txt read; robots.txt returned 404; no rules found; CDX filters=mimetype:text/html,collapse=digest"
2020,銀賞,,空き地活用戦略本部,,https://urbandata-challenge.jp/news/udc2020prize,https://public-plus.jp/cn2/pg71.html,,reachable_unrelated,200,PUBLIC+,,2021-01-18,2026-04-11,3,,2026-08-31T11:15:13.670974+00:00,,,"theme=まちづくり・都市計画; type=アイデア; official award page has no 部門 value for this award row; no explicit public URL or GitHub URL on official source page; URL explored from https://docs.google.com/spreadsheets/d/1lc56B5xNghkz82AzxBv_19iARWowPgISZwT3fekKzVw/edit?usp=sharing; robots.txt read; 200 page did not match project name; robots.txt returned 404; no rules found; CDX filters=mimetype:text/html,collapse=digest"
2020,銀賞,,迷わず乗れるもん,,https://urbandata-challenge.jp/news/udc2020prize,,,unknown,,,,,,,,2026-08-31T09:59:15.805381+00:00,,,theme=道路・交通; type=アイデア; official award page has no 部門 value for this award row; no explicit public URL or GitHub URL on official source page
2020,銅賞,,防災INSIGHT,,https://urbandata-challenge.jp/news/udc2020prize,https://linkevery2s.github.io/bsinsight/index.html,,reachable_related,200,防災INSIGHT,,2019-08-19,2026-03-13,18,,2026-08-31T11:15:13.670974+00:00,,,"theme=防犯・防災; type=アプリケーション; official award page has no 部門 value for this award row; no explicit public URL or GitHub URL on official source page; URL explored from https://docs.google.com/spreadsheets/d/1lc56B5xNghkz82AzxBv_19iARWowPgISZwT3fekKzVw/edit?usp=sharing; robots.txt returned 404; no rules found; project-name relatedness found in title/body; robots.txt returned 404; no rules found; CDX filters=mimetype:text/html,collapse=digest"
2020,銅賞,,自転車とローカル線のつながり,,https://urbandata-challenge.jp/news/udc2020prize,,,unknown,,,,,,,,2026-08-31T09:59:15.805381+00:00,,,theme=道路・交通; type=アイデア; official award page has no 部門 value for this award row; no explicit public URL or GitHub URL on official source page
2020,銅賞,,食べてみりん,,https://urbandata-challenge.jp/news/udc2020prize,https://tabetemi.jp/,,unknown,,,,2020-08-07,2026-02-09,41,,2026-08-31T11:15:13.670974+00:00,,,"theme=まちづくり・都市計画; type=アプリケーション; official award page has no 部門 value for this award row; no explicit public URL or GitHub URL on official source page; URL explored from https://docs.google.com/spreadsheets/d/1lc56B5xNghkz82AzxBv_19iARWowPgISZwT3fekKzVw/edit?usp=sharing; robots.txt error=ConnectTimeout; request skipped conservatively; robots.txt returned 404; no rules found; CDX filters=mimetype:text/html,collapse=digest"
2020,銅賞,,"みんなの名前オープンにします。IPAmj, LibreOffice, and…",,https://urbandata-challenge.jp/news/udc2020prize,https://extensions.libreoffice.org/en/extensions/show/1077,,reachable_related,200,IPAmj Font Charactor Finder » Libreoffice Extensions,,2020-10-27,2026-04-10,14,,2026-08-31T11:15:13.670974+00:00,,,"theme=生活・文化・地域アーカイブ; type=アプリケーション; official award page has no 部門 value for this award row; no explicit public URL or GitHub URL on official source page; URL explored from https://docs.google.com/spreadsheets/d/1lc56B5xNghkz82AzxBv_19iARWowPgISZwT3fekKzVw/edit?usp=sharing; robots.txt returned 404; no rules found; project-name relatedness found in title/body; robots.txt returned 404; no rules found; CDX filters=mimetype:text/html,collapse=digest"
2020,銅賞,,富山県公認新型コロナウイルス感染症対策サイト,,https://urbandata-challenge.jp/news/udc2020prize,https://stopcovid19-toyama.netlify.app/,,unreachable,404,Site not found,,2020-07-03,2025-05-13,21,,2026-08-31T11:15:13.670974+00:00,,,"theme=医療・健康; type=アプリケーション; official award page has no 部門 value for this award row; no explicit public URL or GitHub URL on official source page; URL explored from https://docs.google.com/spreadsheets/d/1lc56B5xNghkz82AzxBv_19iARWowPgISZwT3fekKzVw/edit?usp=sharing; robots.txt returned 404; no rules found; robots.txt returned 404; no rules found; CDX filters=mimetype:text/html,collapse=digest"
2020,銅賞,,CivicTech俯瞰図鑑,,https://urbandata-challenge.jp/news/udc2020prize,,https://github.com/siramatu/brigade-visualizer,reachable_unrelated,200,GitHub - siramatu/brigade-visualizer: CfJの各地のブリゲードの俯瞰図を可視化する · GitHub,,2023-07-02,2023-07-02,1,2026-03-26T09:25:10Z,2026-08-31T11:15:13.670974+00:00,,,"theme=生活・文化・地域アーカイブ; type=アプリケーション; official award page has no 部門 value for this award row; no explicit public URL or GitHub URL on official source page; URL explored from https://docs.google.com/spreadsheets/d/1lc56B5xNghkz82AzxBv_19iARWowPgISZwT3fekKzVw/edit?usp=sharing; survival check used github_url because primary_url is absent; robots.txt read; 200 page did not match project name; robots.txt returned 404; no rules found; CDX filters=mimetype:text/html,collapse=digest; robots.txt returned 404; no rules found; GitHub REST API"
2020,銅賞,,静岡県 富士山南東部/伊豆東部 点群3DTilesデータ,,https://urbandata-challenge.jp/news/udc2020prize,https://www.gkan.jp/udc2020/index.html,,reachable_related,200,UDC2020 静岡県 富士山南東部/伊豆東部 点群3DTilesデータ ビューア,,,,0,,2026-08-31T11:15:13.670974+00:00,,,"theme=生活・文化・地域アーカイブ; type=データ; official award page has no 部門 value for this award row; no explicit public URL or GitHub URL on official source page; URL explored from https://docs.google.com/spreadsheets/d/1lc56B5xNghkz82AzxBv_19iARWowPgISZwT3fekKzVw/edit?usp=sharing; robots.txt returned 404; no rules found; project-name relatedness found in title/body; robots.txt returned 404; no rules found; CDX filters=mimetype:text/html,collapse=digest"
2020,銅賞,,senQyouプロジェクト,,https://urbandata-challenge.jp/news/udc2020prize,,,unknown,,,,,,,,2026-08-31T09:59:15.805381+00:00,,,theme=教育・政治; type=アクティビティ; official award page has no 部門 value for this award row; no explicit public URL or GitHub URL on official source page
2020,銅賞,,QGISを用いた地域課題の見える化,,https://urbandata-challenge.jp/news/udc2020prize,,,unknown,,,,,,,,2026-08-31T09:59:15.805381+00:00,,,theme=生活・文化・地域アーカイブ; type=アクティビティ; official award page has no 部門 value for this award row; no explicit public URL or GitHub URL on official source page
2020,最優秀賞,ビジネス・プロ部門,道路の三次元点群データ配信基盤,,https://urbandata-challenge.jp/news/udc2020prize,https://tengun.z11.web.core.windows.net/#18/35.17474/138.90789,,unknown,,,,2021-03-13,2021-10-23,2,,2026-08-31T11:15:13.670974+00:00,,,"theme=道路・交通; type=アプリケーション; no explicit public URL or GitHub URL on official source page; URL explored from https://docs.google.com/spreadsheets/d/1lc56B5xNghkz82AzxBv_19iARWowPgISZwT3fekKzVw/edit?usp=sharing; robots.txt error=ConnectionError; request skipped conservatively; robots.txt returned 404; no rules found; CDX filters=mimetype:text/html,collapse=digest"
2020,優秀賞,ビジネス・プロ部門,釣りドコ,,https://urbandata-challenge.jp/news/udc2020prize,https://turidoco.com/,,reachable_unrelated,200,,,2019-11-15,2025-10-12,40,,2026-08-31T11:15:13.670974+00:00,,,"theme=産業・観光; type=アプリケーション; no explicit public URL or GitHub URL on official source page; URL explored from https://docs.google.com/spreadsheets/d/1lc56B5xNghkz82AzxBv_19iARWowPgISZwT3fekKzVw/edit?usp=sharing; robots.txt read; 200 page did not match project name; robots.txt returned 404; no rules found; CDX filters=mimetype:text/html,collapse=digest"
2020,優秀賞,ビジネス・プロ部門,「子どもとお出かけ情報サイトいこーよ」で地域の魅力再発見,,https://urbandata-challenge.jp/news/udc2020prize,https://iko-yo.net/,,reachable_unrelated,200,子供とお出かけ情報「いこーよ」,,2008-12-28,2026-08-20,1807,,2026-08-31T11:15:13.670974+00:00,,,"theme=産業・観光; type=アプリケーション; no explicit public URL or GitHub URL on official source page; URL explored from https://docs.google.com/spreadsheets/d/1lc56B5xNghkz82AzxBv_19iARWowPgISZwT3fekKzVw/edit?usp=sharing; robots.txt read; 200 page did not match project name; robots.txt returned 404; no rules found; CDX filters=mimetype:text/html,collapse=digest"
2020,優秀賞,ビジネス・プロ部門,マルチプラットフォーム対応の応急危険度判定支援ツール,,https://urbandata-challenge.jp/news/udc2020prize,https://www.arcgis.com/sharing/rest/content/items/ab16c3cccf624264a4bcdbc2e82f1244/data,,unknown,400,Error: Item does not exist or is inaccessible.,,,,0,,2026-08-31T11:15:13.670974+00:00,,,"theme=防犯・防災; type=アプリケーション; no explicit public URL or GitHub URL on official source page; URL explored from https://docs.google.com/spreadsheets/d/1lc56B5xNghkz82AzxBv_19iARWowPgISZwT3fekKzVw/edit?usp=sharing; robots.txt read; robots.txt returned 404; no rules found; CDX filters=mimetype:text/html,collapse=digest"
2020,優秀賞,ビジネス・プロ部門,触れる暑熱環境シミュレーション,,https://urbandata-challenge.jp/news/udc2020prize,https://youtu.be/jlzhE9k9RA8,,redirected_domain,200,触れる暑熱環境シミュレーター - YouTube,,,,0,,2026-08-31T11:15:13.670974+00:00,,,"theme=まちづくり・都市計画; type=アプリケーション; no explicit public URL or GitHub URL on official source page; URL explored from https://docs.google.com/spreadsheets/d/1lc56B5xNghkz82AzxBv_19iARWowPgISZwT3fekKzVw/edit?usp=sharing; robots.txt read; redirected to different domain: youtube.com; robots.txt returned 404; no rules found; CDX filters=mimetype:text/html,collapse=digest"
2020,特別賞,,PETS×LINE Botで遊んじゃおう！学んじゃおう！,,https://urbandata-challenge.jp/news/udc2020prize,,,unknown,,,,,,,,2026-08-31T09:59:15.805381+00:00,,,theme=産業・観光; type=アプリケーション; official award page has no 部門 value for this award row; no explicit public URL or GitHub URL on official source page
2020,特別賞,,1ｍメッシュ標高データの可視化～龍野高校グラウンドを例に～,,https://urbandata-challenge.jp/news/udc2020prize,,,unknown,,,,,,,,2026-08-31T09:59:15.805381+00:00,,,theme=住宅・土地・公園・公共施設; type=アクティビティ; official award page has no 部門 value for this award row; no explicit public URL or GitHub URL on official source page
2020,特別賞,,Kidsプログラミングで、初めてのオープンデータ活用,,https://urbandata-challenge.jp/news/udc2020prize,,,unknown,,,,,,,,2026-08-31T09:59:15.805381+00:00,,,theme=教育・政治; type=アイデア; official award page has no 部門 value for this award row; no explicit public URL or GitHub URL on official source page
2020,特別賞,,課題解決の課題解決,,https://urbandata-challenge.jp/news/udc2020prize,,,unknown,,,,,,,,2026-08-31T09:59:15.805381+00:00,,,theme=生活・文化・地域アーカイブ; type=アクティビティ; official award page has no 部門 value for this award row; no explicit public URL or GitHub URL on official source page
2020,特別賞,,岐阜県版新型コロナウイルス対策サイト,,https://urbandata-challenge.jp/news/udc2020prize,,,unknown,,,,,,,,2026-08-31T09:59:15.805381+00:00,,,theme=防犯・防災; type=アプリケーション; official award page has no 部門 value for this award row; no explicit public URL or GitHub URL on official source page
2020,特別賞,,『アーバンデータチャレンジ2021』の応募件数を２倍にするためのアイデア,,https://urbandata-challenge.jp/news/udc2020prize,,,unknown,,,,,,,,2026-08-31T09:59:15.805381+00:00,,,theme=教育・政治; type=アイデア; official award page has no 部門 value for this award row; no explicit public URL or GitHub URL on official source page
2020,特別賞,,江東5区の最寄り避難施設データ,,https://urbandata-challenge.jp/news/udc2020prize,,,unknown,,,,,,,,2026-08-31T09:59:15.805381+00:00,,,theme=防犯・防災; type=データ; official award page has no 部門 value for this award row; no explicit public URL or GitHub URL on official source page
2020,金賞,,「子どもとお出かけ情報サイトいこーよ」で地域の魅力再発見,,https://urbandata-challenge.jp/news/udc2020prize,https://iko-yo.net/,,reachable_unrelated,200,子供とお出かけ情報「いこーよ」,,2008-12-28,2026-08-20,1807,,2026-08-31T11:15:13.670974+00:00,,,"theme=産業・観光; type=アプリケーション; official award page has no 部門 value for this award row; no explicit public URL or GitHub URL on official source page; URL explored from https://docs.google.com/spreadsheets/d/1lc56B5xNghkz82AzxBv_19iARWowPgISZwT3fekKzVw/edit?usp=sharing; robots.txt read; 200 page did not match project name; robots.txt returned 404; no rules found; CDX filters=mimetype:text/html,collapse=digest"
2020,銀賞,,防災INSIGHT,,https://urbandata-challenge.jp/news/udc2020prize,https://linkevery2s.github.io/bsinsight/index.html,,reachable_related,200,防災INSIGHT,,2019-08-19,2026-03-13,18,,2026-08-31T11:15:13.670974+00:00,,,"theme=防犯・防災; type=アプリケーション; official award page has no 部門 value for this award row; no explicit public URL or GitHub URL on official source page; URL explored from https://docs.google.com/spreadsheets/d/1lc56B5xNghkz82AzxBv_19iARWowPgISZwT3fekKzVw/edit?usp=sharing; robots.txt returned 404; no rules found; project-name relatedness found in title/body; robots.txt returned 404; no rules found; CDX filters=mimetype:text/html,collapse=digest"
2020,特別賞,,OwnTwin,,https://urbandata-challenge.jp/news/udc2020prize,,,unknown,,,,,,,,2026-08-31T09:59:15.805381+00:00,,,theme=まちづくり・都市計画; type=アプリケーション; official award page has no 部門 value for this award row; no explicit public URL or GitHub URL on official source page
2019,金賞,,石造物3Dアーカイブ,,https://urbandata-challenge.jp/highlight/udc2019prize,https://stonework-3d-archive.github.io,,reachable_related,200,石造物3Dアーカイブ,,2019-12-02,2026-02-08,12,,2026-08-31T09:59:15.805381+00:00,,,"official award table; theme/type not provided in this table; robots.txt returned 404; no rules found; project-name relatedness found in title/body; robots.txt returned 404; no rules found; CDX filters=mimetype:text/html,collapse=digest"
2019,銀賞,,不審者・治安情報サービス「ガッコム安全ナビ」,,https://urbandata-challenge.jp/highlight/udc2019prize,https://www.gaccom.jp/safety/,,unknown,,,,2017-06-10,2024-12-16,156,,2026-08-31T09:59:15.805381+00:00,,,"official award table; theme/type not provided in this table; robots.txt error=SSLError; request skipped conservatively; robots.txt returned 404; no rules found; CDX filters=mimetype:text/html,collapse=digest"
2019,銀賞,,OTTOP,,https://urbandata-challenge.jp/highlight/udc2019prize,https://www.ottop.databed.org/,,reachable_related,200,沖縄オープンラボラトリ×OTTOP | 沖縄県浦添市,,2020-01-01,2026-06-09,65,,2026-08-31T09:59:15.805381+00:00,,,"official award table; theme/type not provided in this table; robots.txt read; project-name relatedness found in title/body; robots.txt returned 404; no rules found; CDX filters=mimetype:text/html,collapse=digest"
2019,銀賞,,船内脱出ゲーム〜船長からの挑戦状〜,,https://urbandata-challenge.jp/highlight/udc2019prize,,,unknown,,,,,,,,2026-08-31T09:59:15.805381+00:00,,,official award table; theme/type not provided in this table; no explicit public URL or GitHub URL on official source page
2019,銀賞,,すその阿波踊り「にわか連」可視化サービス”にわかにGO”,,https://urbandata-challenge.jp/highlight/udc2019prize,https://iot.caption-sign.jp/index.html,,reachable_related,200,にわかにGo - Code for Susono,,2019-09-18,2024-05-13,3,,2026-08-31T09:59:15.805381+00:00,,,"official award table; theme/type not provided in this table; robots.txt returned 404; no rules found; project-name relatedness found in title/body; robots.txt returned 404; no rules found; CDX filters=mimetype:text/html,collapse=digest"
2019,銀賞,,小城藩日記プロジェクト,,https://urbandata-challenge.jp/highlight/udc2019prize,https://winter.ai.is.saga-u.ac.jp/udc2019/,,unknown,,,,2020-06-24,2024-08-11,7,,2026-08-31T09:59:15.805381+00:00,,,"official award table; theme/type not provided in this table; robots.txt error=ConnectTimeout; request skipped conservatively; robots.txt returned 404; no rules found; CDX filters=mimetype:text/html,collapse=digest"
2019,銅賞,,おにどこデータソン,,https://urbandata-challenge.jp/highlight/udc2019prize,https://o2doko.com/,,reachable_related,200,おにどこ,,2018-08-07,2026-04-12,29,,2026-08-31T09:59:15.805381+00:00,,,"official award table; theme/type not provided in this table; robots.txt read; project-name relatedness found in title/body; robots.txt returned 404; no rules found; CDX filters=mimetype:text/html,collapse=digest"
2019,銅賞,,グラウンドデータの整備とオープンデータ化の取り組み,,https://urbandata-challenge.jp/highlight/udc2019prize,https://www.geospatial.jp/ckan/dataset/2010-2018-hyogo-geo-potal,,reachable_unrelated,200,兵庫県$兵庫県_旧データ$兵庫県_全域数値地形図_ポータル（2010年度～2018年度）$データセット,,2020-03-15,2026-08-28,11,,2026-08-31T09:59:15.805381+00:00,,,"official award table; theme/type not provided in this table; robots.txt read; 200 page did not match project name; robots.txt returned 404; no rules found; CDX filters=mimetype:text/html,collapse=digest"
2019,銅賞,,ロジねこ,,https://urbandata-challenge.jp/highlight/udc2019prize,https://rojine.co/,,reachable_related,200,ロジねこ | あなたの街のねこを撮って作る、あなただけのねこずかん。,,2019-11-12,2026-05-20,65,,2026-08-31T09:59:15.805381+00:00,,,"official award table; theme/type not provided in this table; robots.txt read; project-name relatedness found in title/body; robots.txt returned 404; no rules found; CDX filters=mimetype:text/html,collapse=digest"
2019,銅賞,,「まびケア」のその後：「まちケア」と防災に役立つデータセット公開,,https://urbandata-challenge.jp/highlight/udc2019prize,https://machicare.jp/,,reachable_related,200,まちケア,,2019-11-21,2024-09-16,9,,2026-08-31T09:59:15.805381+00:00,,,"official award table; theme/type not provided in this table; robots.txt returned 404; no rules found; project-name relatedness found in title/body; robots.txt returned 404; no rules found; CDX filters=mimetype:text/html,collapse=digest"
2019,銅賞,,自転車事故を無くしたいっ！ Bicycle Scouter,,https://urbandata-challenge.jp/highlight/udc2019prize,https://youtu.be/R3sGQjfZ4lQ,,redirected_domain,200,- YouTube,,2020-06-24,2020-06-24,1,,2026-08-31T09:59:15.805381+00:00,,,"official award table; theme/type not provided in this table; robots.txt read; redirected to different domain: youtube.com; robots.txt returned 404; no rules found; CDX filters=mimetype:text/html,collapse=digest"
2019,銅賞,,プライバシに配慮した人流センサシステムの開発,,https://urbandata-challenge.jp/highlight/udc2019prize,,,unknown,,,,,,,,2026-08-31T09:59:15.805381+00:00,,,official award table; theme/type not provided in this table; no explicit public URL or GitHub URL on official source page
2019,銅賞,,地域の課題をみつけだす 財政状況資料集 Viewer,,https://urbandata-challenge.jp/highlight/udc2019prize,http://shibutani.org/%E8%B2%A1%E6%94%BF%E7%8A%B6%E6%B3%81%E8%B3%87%E6%96%99%E9%9B%86Viewer/,,unreachable,404,,,2020-06-25,2024-02-26,4,,2026-08-31T09:59:15.805381+00:00,,,"official award table; theme/type not provided in this table; robots.txt read; robots.txt returned 404; no rules found; CDX filters=mimetype:text/html,collapse=digest"
2019,銅賞,,各駅昼間運行本数データ,,https://urbandata-challenge.jp/highlight/udc2019prize,https://home.csis.u-tokyo.ac.jp/~nishizawa/station/station-honsu-data20200127.zip,,unreachable,404,404 Not Found,,2023-11-02,2023-11-02,1,,2026-08-31T09:59:15.805381+00:00,,,"official award table; theme/type not provided in this table; robots.txt returned 404; no rules found; robots.txt returned 404; no rules found; CDX filters=mimetype:text/html,collapse=digest"
2019,銅賞,,川崎シビックパワーバトル 2019,,https://urbandata-challenge.jp/highlight/udc2019prize,https://cpb.openkawasaki.org/,,reachable_related,200,川崎シビックパワーバトル,,2019-12-12,2025-06-22,23,,2026-08-31T09:59:15.805381+00:00,,,"official award table; theme/type not provided in this table; robots.txt returned 404; no rules found; project-name relatedness found in title/body; robots.txt returned 404; no rules found; CDX filters=mimetype:text/html,collapse=digest"
2019,金賞,,船内脱出ゲーム〜船長からの挑戦状〜,,https://urbandata-challenge.jp/highlight/udc2019prize,,,unknown,,,,,,,,2026-08-31T09:59:15.805381+00:00,,,official award table; theme/type not provided in this table; no explicit public URL or GitHub URL on official source page
2019,銀賞,,「まびケア」のその後：「まちケア」と防災に役立つデータセット公開,,https://urbandata-challenge.jp/highlight/udc2019prize,,,unknown,,,,,,,,2026-08-31T09:59:15.805381+00:00,,,official award table; theme/type not provided in this table; no explicit public URL or GitHub URL on official source page
2019,銅賞,,小城藩日記プロジェクト,,https://urbandata-challenge.jp/highlight/udc2019prize,,,unknown,,,,,,,,2026-08-31T09:59:15.805381+00:00,,,official award table; theme/type not provided in this table; no explicit public URL or GitHub URL on official source page
2019,国立国会図書館特別賞,,あっちこっち れはっち！,,https://urbandata-challenge.jp/highlight/udc2019prize,https://lab.ndl.go.jp/data_set/usecase/,,reachable_unrelated,200,データ活用例の紹介 | NDLラボ,,2020-06-27,2026-03-15,20,,2026-08-31T09:59:15.805381+00:00,,,"official award table; theme/type not provided in this table; robots.txt read; 200 page did not match project name; robots.txt returned 404; no rules found; CDX filters=mimetype:text/html,collapse=digest"
2019,金沢市特別賞,,意義あり！,,https://urbandata-challenge.jp/highlight/udc2019prize,,,unknown,,,,,,,,2026-08-31T09:59:15.805381+00:00,,,official award table; theme/type not provided in this table; no explicit public URL or GitHub URL on official source page
2019,審査員特別賞,,かぜおけ！,,https://urbandata-challenge.jp/highlight/udc2019prize,,,unknown,,,,,,,,2026-08-31T09:59:15.805381+00:00,,,official award table; theme/type not provided in this table; no explicit public URL or GitHub URL on official source page
2019,審査員特別賞,,洋ナシ画像のオープンデータ化～外観検査⾃動化を⽬指して～,,https://urbandata-challenge.jp/highlight/udc2019prize,,,unknown,,,,,,,,2026-08-31T09:59:15.805381+00:00,,,official award table; theme/type not provided in this table; no explicit public URL or GitHub URL on official source page
2019,審査員特別賞,,写真オープンデータ公開に向けて,,https://urbandata-challenge.jp/highlight/udc2019prize,,,unknown,,,,,,,,2026-08-31T09:59:15.805381+00:00,,,official award table; theme/type not provided in this table; no explicit public URL or GitHub URL on official source page
2019,審査員特別賞,,Kingyo AI Navi （ LINE 版）,,https://urbandata-challenge.jp/highlight/udc2019prize,,,unknown,,,,,,,,2026-08-31T09:59:15.805381+00:00,,,official award table; theme/type not provided in this table; no explicit public URL or GitHub URL on official source page
2019,審査員特別賞,,いきいきの輪,,https://urbandata-challenge.jp/highlight/udc2019prize,,,unknown,,,,,,,,2026-08-31T09:59:15.805381+00:00,,,official award table; theme/type not provided in this table; no explicit public URL or GitHub URL on official source page
2018,金賞,アイデア部門,トータル金魚ナビゲーション「Kingyo AI Navi」,,https://urbandata-challenge.jp/highlight/udc2018prize,,,unknown,,,,,,,,2026-08-31T09:59:15.805381+00:00,,,official award table; theme/type not provided in this table; no explicit public URL or GitHub URL on official source page
2018,銀賞,アイデア部門,グッバイ野良猫、ハロー地域猫,,https://urbandata-challenge.jp/highlight/udc2018prize,,,unknown,,,,,,,,2026-08-31T09:59:15.805381+00:00,,,official award table; theme/type not provided in this table; no explicit public URL or GitHub URL on official source page
2018,銀賞,アイデア部門,バスストップ～乗り降りお知らせアプリ～,,https://urbandata-challenge.jp/highlight/udc2018prize,,,unknown,,,,,,,,2026-08-31T09:59:15.805381+00:00,,,official award table; theme/type not provided in this table; no explicit public URL or GitHub URL on official source page
2018,金賞,データ部門,これからの「まびケア」に向けた避難所周辺施設情報,,https://urbandata-challenge.jp/highlight/udc2018prize,,,unknown,,,,,,,,2026-08-31T09:59:15.805381+00:00,,,official award table; theme/type not provided in this table; no explicit public URL or GitHub URL on official source page
2018,銀賞,データ部門,都道府県議会会議録検索システム「ぎ～みる」,,https://urbandata-challenge.jp/highlight/udc2018prize,,,unknown,,,,,,,,2026-08-31T09:59:15.805381+00:00,,,official award table; theme/type not provided in this table; no explicit public URL or GitHub URL on official source page
2018,銅賞,データ部門,国道・県道の構造的地理空間データ,,https://urbandata-challenge.jp/highlight/udc2018prize,,,unknown,,,,,,,,2026-08-31T09:59:15.805381+00:00,,,official award table; theme/type not provided in this table; no explicit public URL or GitHub URL on official source page
2018,金賞,アクティビティ部門,安来市のオープンデータを活用して地域課題を研究する高校生の取り組み,,https://urbandata-challenge.jp/highlight/udc2018prize,,,unknown,,,,,,,,2026-08-31T09:59:15.805381+00:00,,,official award table; theme/type not provided in this table; no explicit public URL or GitHub URL on official source page
2018,銀賞,アクティビティ部門,防災啓発アプリ オープンデータで自助の意識を高めよう,,https://urbandata-challenge.jp/highlight/udc2018prize,,,unknown,,,,,,,,2026-08-31T09:59:15.805381+00:00,,,official award table; theme/type not provided in this table; no explicit public URL or GitHub URL on official source page
2018,銅賞,アクティビティ部門,隣のおじいちゃんが逃げ遅れないために僕ができること 〜防災情報スピーカ〜,,https://urbandata-challenge.jp/highlight/udc2018prize,,,unknown,,,,,,,,2026-08-31T09:59:15.805381+00:00,,,official award table; theme/type not provided in this table; no explicit public URL or GitHub URL on official source page
2018,銀賞,アプリケーション部門,神エクセル解決アプリ「Excel→CSV」 単なる変換に非ず。オープンデータを促進し業務革新に誘う導火線ツール,,https://urbandata-challenge.jp/highlight/udc2018prize,,,unknown,,,,,,,,2026-08-31T09:59:15.805381+00:00,,,official award table; theme/type not provided in this table; no explicit public URL or GitHub URL on official source page
2018,銅賞,アプリケーション部門,とれくるPON 福井県嶺南観光アプリ,,https://urbandata-challenge.jp/highlight/udc2018prize,,,unknown,,,,,,,,2026-08-31T09:59:15.805381+00:00,,,official award table; theme/type not provided in this table; no explicit public URL or GitHub URL on official source page
2018,銅賞,アプリケーション部門,議会を見える化するプロジェクト「議会マイニング」,,https://urbandata-challenge.jp/highlight/udc2018prize,,,unknown,,,,,,,,2026-08-31T09:59:15.805381+00:00,,,official award table; theme/type not provided in this table; no explicit public URL or GitHub URL on official source page
2018,金賞,アプリケーション部門,隣のおじいちゃんが逃げ遅れないために僕ができること 〜防災情報スピーカ〜,,https://urbandata-challenge.jp/highlight/udc2018prize,,,unknown,,,,,,,,2026-08-31T09:59:15.805381+00:00,,,official award table; theme/type not provided in this table; no explicit public URL or GitHub URL on official source page
2018,銀賞,アプリケーション部門,バスストップ～乗り降りお知らせアプリ～,,https://urbandata-challenge.jp/highlight/udc2018prize,,,unknown,,,,,,,,2026-08-31T09:59:15.805381+00:00,,,official award table; theme/type not provided in this table; no explicit public URL or GitHub URL on official source page
2018,銅賞,アプリケーション部門,これからの「まびケア」に向けた避難所周辺施設情報,,https://urbandata-challenge.jp/highlight/udc2018prize,,,unknown,,,,,,,,2026-08-31T09:59:15.805381+00:00,,,official award table; theme/type not provided in this table; no explicit public URL or GitHub URL on official source page
2018,金賞,アプリケーション部門,鉄道地質 with 避難場所,,https://urbandata-challenge.jp/highlight/udc2018prize,,,unknown,,,,,,,,2026-08-31T09:59:15.805381+00:00,,,official award table; theme/type not provided in this table; no explicit public URL or GitHub URL on official source page
2018,銀賞,アプリケーション部門,みにばす旅,,https://urbandata-challenge.jp/highlight/udc2018prize,,,unknown,,,,,,,,2026-08-31T09:59:15.805381+00:00,,,official award table; theme/type not provided in this table; no explicit public URL or GitHub URL on official source page
2018,銅賞,アプリケーション部門,将来の日野市を想像・創造していく,,https://urbandata-challenge.jp/highlight/udc2018prize,,,unknown,,,,,,,,2026-08-31T09:59:15.805381+00:00,,,official award table; theme/type not provided in this table; no explicit public URL or GitHub URL on official source page
2018,学生奨励賞,,Wikiplate,,https://urbandata-challenge.jp/highlight/udc2018prize,,,unknown,,,,,,,,2026-08-31T09:59:15.805381+00:00,,,official award table; theme/type not provided in this table; no explicit public URL or GitHub URL on official source page
2017,金賞,アイデア部門,詳細トイレ情報,,https://urbandata-challenge.jp/2017/udc2017prize,,,unknown,,,,,,,,2026-08-31T09:59:15.805381+00:00,,,official award table; theme/type not provided in this table; no explicit public URL or GitHub URL on official source page
2017,銀賞,アイデア部門,POSTi,,https://urbandata-challenge.jp/2017/udc2017prize,,,unknown,,,,,,,,2026-08-31T09:59:15.805381+00:00,,,official award table; theme/type not provided in this table; no explicit public URL or GitHub URL on official source page
2017,金賞,データ部門,全天球カメラによる歩道現況調査,,https://urbandata-challenge.jp/2017/udc2017prize,https://www.mapillary.com/map/im/Q-uYhes4tY6Evx16iZ2VKg,,reachable_unrelated,200,Mapillary,,,,0,,2026-08-31T11:15:13.670974+00:00,,,"official award table; theme/type not provided in this table; no explicit public URL or GitHub URL on official source page; URL explored from https://urbandata-challenge.jp/2017/2017-1st-results; robots.txt read; 200 page did not match project name; robots.txt returned 404; no rules found; CDX filters=mimetype:text/html,collapse=digest"
2017,銀賞,データ部門,衆議院小選挙区ポリゴンデータ及び国勢調査小選挙区集計データ,,https://urbandata-challenge.jp/2017/udc2017prize,http://www.csis.u-tokyo.ac.jp/~nishizawa/udc2017/,,unreachable,404,404 Not Found,,,,0,,2026-08-31T11:15:13.670974+00:00,,,"official award table; theme/type not provided in this table; no explicit public URL or GitHub URL on official source page; URL explored from https://urbandata-challenge.jp/2017/2017-1st-results; robots.txt returned 404; no rules found; robots.txt returned 404; no rules found; CDX filters=mimetype:text/html,collapse=digest"
2017,銅賞,データ部門,Ubiquitous Surveying ~暮らしを支える公共測量~,,https://urbandata-challenge.jp/2017/udc2017prize,,https://github.com/sekilab/UDC2017_PublicSurveying,reachable_related,200,GitHub - sekilab/UDC2017_PublicSurveying · GitHub,,2018-06-17,2024-03-27,4,2018-06-30T05:53:40Z,2026-08-31T11:15:13.670974+00:00,,,"official award table; theme/type not provided in this table; no explicit public URL or GitHub URL on official source page; URL explored from https://urbandata-challenge.jp/2017/2017-1st-results; survival check used github_url because primary_url is absent; robots.txt read; project-name relatedness found in title/body; robots.txt returned 404; no rules found; CDX filters=mimetype:text/html,collapse=digest; robots.txt returned 404; no rules found; GitHub REST API"
2017,金賞,アクティビティ部門,code for kohoku 子どものためのマップ,,https://urbandata-challenge.jp/2017/udc2017prize,https://codeforkohoku.github.io/papamama/,,reachable_related,200,Codefor港北保育園マップ by Code for Kohoku,,2020-06-12,2025-11-13,3,,2026-08-31T11:15:13.670974+00:00,,,"official award table; theme/type not provided in this table; no explicit public URL or GitHub URL on official source page; URL explored from https://urbandata-challenge.jp/2017/2017-1st-results; robots.txt returned 404; no rules found; project-name relatedness found in title/body; robots.txt returned 404; no rules found; CDX filters=mimetype:text/html,collapse=digest"
2017,銀賞,アクティビティ部門,とよのいいとこマップを広めたい,,https://urbandata-challenge.jp/2017/udc2017prize,,,unknown,,,,,,,,2026-08-31T09:59:15.805381+00:00,,,official award table; theme/type not provided in this table; no explicit public URL or GitHub URL on official source page
2017,銅賞,アクティビティ部門,ちば保育園マップ,,https://urbandata-challenge.jp/2017/udc2017prize,http://papamama.code4chiba.org/,,reachable_unrelated,200,ちばこどもマップ powered by Code for Chiba,,2017-02-05,2023-09-25,7,,2026-08-31T11:15:13.670974+00:00,,,"official award table; theme/type not provided in this table; no explicit public URL or GitHub URL on official source page; URL explored from https://urbandata-challenge.jp/2017/2017-1st-results; robots.txt read; 200 page did not match project name; robots.txt returned 404; no rules found; CDX filters=mimetype:text/html,collapse=digest"
2017,金賞,アプリケーション部門,「互助」×「ＩＣＴ技術」を活用した「みまもりあいプロジェクト」,,https://urbandata-challenge.jp/2017/udc2017prize,http://mimamoriai.net/,,reachable_related,200,みまもりあいプロジェクト – みんなで助け合える仕組みを作りたい,,2018-08-25,2026-06-07,71,,2026-08-31T11:15:13.670974+00:00,,,"official award table; theme/type not provided in this table; no explicit public URL or GitHub URL on official source page; URL explored from https://urbandata-challenge.jp/2017/2017-1st-results; robots.txt read; project-name relatedness found in title/body; robots.txt returned 404; no rules found; CDX filters=mimetype:text/html,collapse=digest"
2017,銀賞,アプリケーション部門,めくるんの交通安全・日めくるん,,https://urbandata-challenge.jp/2017/udc2017prize,http://mekurn.azurewebsites.net/mekurun.html,,reachable_related,200,めくるんの交通安全日めくるん！,,2019-09-17,2019-09-17,1,,2026-08-31T11:15:13.670974+00:00,,,"official award table; theme/type not provided in this table; no explicit public URL or GitHub URL on official source page; URL explored from https://urbandata-challenge.jp/2017/2017-1st-results; robots.txt returned 404; no rules found; project-name relatedness found in title/body; robots.txt returned 404; no rules found; CDX filters=mimetype:text/html,collapse=digest"
2017,銅賞,アプリケーション部門,御願マイスター,,https://urbandata-challenge.jp/2017/udc2017prize,,,unknown,,,,,,,,2026-08-31T09:59:15.805381+00:00,,,official award table; theme/type not provided in this table; no explicit public URL or GitHub URL on official source page
2017,生駒市特別賞,,自治体ポータルにイコマッシュ！,,https://urbandata-challenge.jp/2017/udc2017prize,,,unknown,,,,,,,,2026-08-31T09:59:15.805381+00:00,,,official award table; theme/type not provided in this table; no explicit public URL or GitHub URL on official source page
2017,金賞,アプリケーション部門,日野市地域防犯ARアプリ,,https://urbandata-challenge.jp/2017/udc2017prize,,,unknown,,,,,,,,2026-08-31T09:59:15.805381+00:00,,,official award table; theme/type not provided in this table; no explicit public URL or GitHub URL on official source page
2017,銀賞,アプリケーション部門,VALON,,https://urbandata-challenge.jp/2017/udc2017prize,,,unknown,,,,,,,,2026-08-31T09:59:15.805381+00:00,,,official award table; theme/type not provided in this table; no explicit public URL or GitHub URL on official source page
2017,銅賞,アプリケーション部門,トイレビュー,,https://urbandata-challenge.jp/2017/udc2017prize,,,unknown,,,,,,,,2026-08-31T09:59:15.805381+00:00,,,official award table; theme/type not provided in this table; no explicit public URL or GitHub URL on official source page
2017,金賞,アプリケーション部門,ちば保育園マップ,,https://urbandata-challenge.jp/2017/udc2017prize,http://papamama.code4chiba.org/,,reachable_unrelated,200,ちばこどもマップ powered by Code for Chiba,,2017-02-05,2023-09-25,7,,2026-08-31T11:15:13.670974+00:00,,,"official award table; theme/type not provided in this table; no explicit public URL or GitHub URL on official source page; URL explored from https://urbandata-challenge.jp/2017/2017-1st-results; robots.txt read; 200 page did not match project name; robots.txt returned 404; no rules found; CDX filters=mimetype:text/html,collapse=digest"
2017,銀賞,アプリケーション部門,室蘭百名坂,,https://urbandata-challenge.jp/2017/udc2017prize,https://play.google.com/store/apps/details?id=ne.nisco.muroranhyakumeisaka&hl=ja,,unreachable,404,見つかりませんでした,,2023-03-06,2024-03-19,2,,2026-08-31T11:15:13.670974+00:00,,,"official award table; theme/type not provided in this table; no explicit public URL or GitHub URL on official source page; URL explored from https://urbandata-challenge.jp/2017/2017-1st-results; robots.txt read; robots.txt returned 404; no rules found; CDX filters=mimetype:text/html,collapse=digest"
2017,銅賞,アプリケーション部門,「互助」×「ＩＣＴ技術」を活用した「みまもりあいプロジェクト」,,https://urbandata-challenge.jp/2017/udc2017prize,http://mimamoriai.net/,,reachable_related,200,みまもりあいプロジェクト – みんなで助け合える仕組みを作りたい,,2018-08-25,2026-06-07,71,,2026-08-31T11:15:13.670974+00:00,,,"official award table; theme/type not provided in this table; no explicit public URL or GitHub URL on official source page; URL explored from https://urbandata-challenge.jp/2017/2017-1st-results; robots.txt read; project-name relatedness found in title/body; robots.txt returned 404; no rules found; CDX filters=mimetype:text/html,collapse=digest"
2017,土木学会土木情報学特別賞,,標準的なバス情報フォーマット作成ツール,,https://urbandata-challenge.jp/2017/udc2017prize,,,unknown,,,,,,,,2026-08-31T09:59:15.805381+00:00,,,official award table; theme/type not provided in this table; no explicit public URL or GitHub URL on official source page
2017,実行委員会特別賞,,標準的なバス情報フォーマット作成ツール,,https://urbandata-challenge.jp/2017/udc2017prize,,,unknown,,,,,,,,2026-08-31T09:59:15.805381+00:00,,,official award table; theme/type not provided in this table; no explicit public URL or GitHub URL on official source page
2017,学生奨励賞,,wikiコンシェルジュfor岡山,,https://urbandata-challenge.jp/2017/udc2017prize,http://wikiconcierge.d-cradle.or.jp/,,unknown,,,,,,0,,2026-08-31T11:15:13.670974+00:00,,,"official award table; theme/type not provided in this table; no explicit public URL or GitHub URL on official source page; URL explored from https://urbandata-challenge.jp/2017/2017-1st-results; robots.txt error=ConnectionError; request skipped conservatively; robots.txt returned 404; no rules found; CDX filters=mimetype:text/html,collapse=digest"
2016,銀賞,アプリケーション部門,Lightweight Road Manager,,https://urbandata-challenge.jp/2016/udc2016prize,,,unknown,,,,,,,,2026-08-31T09:59:15.805381+00:00,,,official heading/prose award record; no explicit public URL or GitHub URL on official source page
2016,銀賞,アプリケーション部門,オガルコ,,https://urbandata-challenge.jp/2016/udc2016prize,,,unknown,,,,,,,,2026-08-31T09:59:15.805381+00:00,,,official heading/prose award record; no explicit public URL or GitHub URL on official source page
2016,銅賞,アプリケーション部門,土地スカウター,,https://urbandata-challenge.jp/2016/udc2016prize,,,unknown,,,,,,,,2026-08-31T09:59:15.805381+00:00,,,official heading/prose award record; no explicit public URL or GitHub URL on official source page
2016,金賞,アクティビティ部門,のとノットアローン,,https://urbandata-challenge.jp/2016/udc2016prize,,,unknown,,,,,,,,2026-08-31T09:59:15.805381+00:00,,,official heading/prose award record; no explicit public URL or GitHub URL on official source page
2016,銀賞,アクティビティ部門,インバウンド向け観光アプリAfter Fiver,,https://urbandata-challenge.jp/2016/udc2016prize,,,unknown,,,,,,,,2026-08-31T09:59:15.805381+00:00,,,official heading/prose award record; no explicit public URL or GitHub URL on official source page
2016,銀賞,アクティビティ部門,MyCityForecastを活用したシミュレーションワークショップ,,https://urbandata-challenge.jp/2016/udc2016prize,,,unknown,,,,,,,,2026-08-31T09:59:15.805381+00:00,,,official heading/prose award record; no explicit public URL or GitHub URL on official source page
2016,銀賞,アクティビティ部門,wikipedia TOWN in school,,https://urbandata-challenge.jp/2016/udc2016prize,,,unknown,,,,,,,,2026-08-31T09:59:15.805381+00:00,,,official heading/prose award record; no explicit public URL or GitHub URL on official source page
2016,銀賞,アクティビティ部門,“地図を使った地域づくり”のすすめ with オープンマップ＠山口市,,https://urbandata-challenge.jp/2016/udc2016prize,,,unknown,,,,,,,,2026-08-31T09:59:15.805381+00:00,,,official heading/prose award record; no explicit public URL or GitHub URL on official source page
2016,金賞,データ部門,パーソナルデータからオープンデータへ ～住民基本台帳を匿名加工しオープンデータに！！～,,https://urbandata-challenge.jp/2016/udc2016prize,,,unknown,,,,,,,,2026-08-31T09:59:15.805381+00:00,,,official heading/prose award record; no explicit public URL or GitHub URL on official source page
2016,銀賞,データ部門,地方議会議事録検索 議事ロックス,,https://urbandata-challenge.jp/2016/udc2016prize,,,unknown,,,,,,,,2026-08-31T09:59:15.805381+00:00,,,official heading/prose award record; no explicit public URL or GitHub URL on official source page
2016,銀賞,データ部門,観光客向けの京都らしいデータ・セット,,https://urbandata-challenge.jp/2016/udc2016prize,,,unknown,,,,,,,,2026-08-31T09:59:15.805381+00:00,,,official heading/prose award record; no explicit public URL or GitHub URL on official source page
2016,銀賞,アイデア部門,PCDB,,https://urbandata-challenge.jp/2016/udc2016prize,,,unknown,,,,,,,,2026-08-31T09:59:15.805381+00:00,,,official heading/prose award record; no explicit public URL or GitHub URL on official source page
2016,銀賞,アイデア部門,生存確率,,https://urbandata-challenge.jp/2016/udc2016prize,,,unknown,,,,,,,,2026-08-31T09:59:15.805381+00:00,,,official heading/prose award record; no explicit public URL or GitHub URL on official source page
2016,学生奨励賞,,子育てイベントカレンダー「ぽかぽか」日野市版,,https://urbandata-challenge.jp/2016/udc2016prize,,,unknown,,,,,,,,2026-08-31T09:59:15.805381+00:00,,,official heading/prose award record; section=学生奨励賞; no explicit public URL or GitHub URL on official source page
2016,学生奨励賞,,写真からどこ行くの？,,https://urbandata-challenge.jp/2016/udc2016prize,,,unknown,,,,,,,,2026-08-31T09:59:15.805381+00:00,,,official heading/prose award record; section=学生奨励賞; no explicit public URL or GitHub URL on official source page
2016,金賞,,写真からどこ行くの？,,https://urbandata-challenge.jp/2016/udc2016prize,,,unknown,,,,,,,,2026-08-31T09:59:15.805381+00:00,,,official heading/prose award record; section=オープンガバメント推進協議会賞; no explicit public URL or GitHub URL on official source page
2016,銀賞,,Lightweight Road Manager,,https://urbandata-challenge.jp/2016/udc2016prize,,,unknown,,,,,,,,2026-08-31T09:59:15.805381+00:00,,,official heading/prose award record; section=オープンガバメント推進協議会賞; no explicit public URL or GitHub URL on official source page
2016,銅賞,,coco.ne,,https://urbandata-challenge.jp/2016/udc2016prize,,,unknown,,,,,,,,2026-08-31T09:59:15.805381+00:00,,,official heading/prose award record; section=オープンガバメント推進協議会賞; no explicit public URL or GitHub URL on official source page
2016,土木学会土木情報学特別賞,,PCDB,,https://urbandata-challenge.jp/2016/udc2016prize,,,unknown,,,,,,,,2026-08-31T09:59:15.805381+00:00,,,official heading/prose award record; section=土木学会土木情報学特別賞; no explicit public URL or GitHub URL on official source page
2016,金賞,,子育てイベントカレンダー「ぽかぽか」日野市版,,https://urbandata-challenge.jp/2016/udc2016prize,,,unknown,,,,,,,,2026-08-31T09:59:15.805381+00:00,,,official heading/prose award record; section=日野市賞; no explicit public URL or GitHub URL on official source page
2016,銀賞,,My 防災ノート,,https://urbandata-challenge.jp/2016/udc2016prize,,,unknown,,,,,,,,2026-08-31T09:59:15.805381+00:00,,,official heading/prose award record; section=日野市賞; no explicit public URL or GitHub URL on official source page
2016,銅賞,,Oya talk,,https://urbandata-challenge.jp/2016/udc2016prize,,,unknown,,,,,,,,2026-08-31T09:59:15.805381+00:00,,,official heading/prose award record; section=日野市賞; no explicit public URL or GitHub URL on official source page
2015,銅賞,,北海道統計データ閲覧ツール Seseki,,https://urbandata-challenge.jp/2015/prize,http://labo.colspan.net/seseki_udc2015/,,unknown,,,,2016-09-02,2017-10-29,14,,2026-08-31T11:15:13.670974+00:00,,,"official heading/prose award record; section=オープンガバメント推進協議会賞（協議会参加団体の名産品）; no explicit public URL or GitHub URL on official source page; URL explored from https://urbandata-challenge.jp/2015/2015-archives; robots.txt error=ConnectionError; request skipped conservatively; robots.txt returned 404; no rules found; CDX filters=mimetype:text/html,collapse=digest"
2015,銀賞,,室蘭百名坂,,https://urbandata-challenge.jp/2015/prize,,,unknown,,,,,,,,2026-08-31T09:59:15.805381+00:00,,,official heading/prose award record; section=オープンガバメント推進協議会賞（協議会参加団体の名産品）; no explicit public URL or GitHub URL on official source page
2015,金賞,,大津祭曳山ストーリーテラー,,https://urbandata-challenge.jp/2015/prize,http://easy-small-world.com/hikiyama/,,unknown,,,,,,0,,2026-08-31T11:15:13.670974+00:00,,,"official heading/prose award record; section=オープンガバメント推進協議会賞（協議会参加団体の名産品）; no explicit public URL or GitHub URL on official source page; URL explored from https://urbandata-challenge.jp/2015/2015-archives; robots.txt error=ConnectionError; request skipped conservatively; robots.txt returned 404; no rules found; CDX filters=mimetype:text/html,collapse=digest"
2015,水戸市長特別賞（商品券）,アイデア部門,そなえど,,https://urbandata-challenge.jp/2015/prize,,,unknown,,,,,,,,2026-08-31T09:59:15.805381+00:00,,,official heading/prose award record; no explicit public URL or GitHub URL on official source page
2015,水戸市長特別賞（商品券）,アプリケーション部門,高精度エリアレポーティングサービスSpaada,,https://urbandata-challenge.jp/2015/prize,https://www.spaada.co,,unknown,,,,2016-06-10,2020-09-30,9,,2026-08-31T11:15:13.670974+00:00,,,"official heading/prose award record; no explicit public URL or GitHub URL on official source page; URL explored from https://urbandata-challenge.jp/2015/2015-archives; robots.txt error=ConnectionError; request skipped conservatively; robots.txt returned 404; no rules found; CDX filters=mimetype:text/html,collapse=digest"
2015,銅賞,,日野マップ,,https://urbandata-challenge.jp/2015/prize,,,unknown,,,,,,,,2026-08-31T09:59:15.805381+00:00,,,official heading/prose award record; section=日野市賞（TOYODA BEER・図書券）; no explicit public URL or GitHub URL on official source page
2015,銀賞,,日野再発見マップ,,https://urbandata-challenge.jp/2015/prize,,,unknown,,,,,,,,2026-08-31T09:59:15.805381+00:00,,,official heading/prose award record; section=日野市賞（TOYODA BEER・図書券）; no explicit public URL or GitHub URL on official source page
2015,金賞,,見える日野,,https://urbandata-challenge.jp/2015/prize,,,unknown,,,,,,,,2026-08-31T09:59:15.805381+00:00,,,official heading/prose award record; section=日野市賞（TOYODA BEER・図書券）; no explicit public URL or GitHub URL on official source page
2015,静岡市特別賞,,しずみち探検隊,,https://urbandata-challenge.jp/2015/prize,,,unknown,,,,,,,,2026-08-31T09:59:15.805381+00:00,,,official heading/prose award record; section=静岡市特別賞; no explicit public URL or GitHub URL on official source page
2015,UDC2015学生奨励賞,,松江データ歴史クイズマップ,,https://urbandata-challenge.jp/2015/prize,,,unknown,,,,,,,,2026-08-31T09:59:15.805381+00:00,,,official heading/prose award record; section=UDC2015学生奨励賞; no explicit public URL or GitHub URL on official source page
2015,ソリューション部門賞,ソリューション部門,写真で紐解くたまがわ,,https://urbandata-challenge.jp/2015/prize,,,unknown,,,,,,,,2026-08-31T09:59:15.805381+00:00,,,official heading/prose award record; no explicit public URL or GitHub URL on official source page
2015,ソリューション部門賞,ソリューション部門,会津若松市空間位置情報付き写真データの整備と普及,,https://urbandata-challenge.jp/2015/prize,,,unknown,,,,,,,,2026-08-31T09:59:15.805381+00:00,,,official heading/prose award record; no explicit public URL or GitHub URL on official source page
2015,銀賞,アイデア部門,Tenbin,,https://urbandata-challenge.jp/2015/prize,,,unknown,,,,,,,,2026-08-31T09:59:15.805381+00:00,,,official heading/prose award record; no explicit public URL or GitHub URL on official source page
2015,金賞,アイデア部門,陣痛ダイアリーによる男女共同参画社会を目指すKODOプロジェクト,,https://urbandata-challenge.jp/2015/prize,,,unknown,,,,,,,,2026-08-31T09:59:15.805381+00:00,,,official heading/prose award record; no explicit public URL or GitHub URL on official source page
2015,銀賞,データ部門,さすけね降雪情報登録システム,,https://urbandata-challenge.jp/2015/prize,http://www.data4citizen.jp/app/users/openDataTop/show/sasukene,,unknown,,,,2019-09-17,2022-03-08,2,,2026-08-31T11:15:13.670974+00:00,,,"official heading/prose award record; no explicit public URL or GitHub URL on official source page; URL explored from https://urbandata-challenge.jp/2015/2015-archives; robots.txt status=400; request skipped conservatively; robots.txt returned 404; no rules found; CDX filters=mimetype:text/html,collapse=digest"
2015,金賞,データ部門,交通量計測器TRAPO,,https://urbandata-challenge.jp/2015/prize,,,unknown,,,,,,,,2026-08-31T09:59:15.805381+00:00,,,official heading/prose award record; no explicit public URL or GitHub URL on official source page
2015,銅賞,アプリケーション部門,マプコXD,,https://urbandata-challenge.jp/2015/prize,,,unknown,,,,,,,,2026-08-31T09:59:15.805381+00:00,,,official heading/prose award record; no explicit public URL or GitHub URL on official source page
2015,銀賞,アプリケーション部門,大津祭曳山ストーリーテラー,,https://urbandata-challenge.jp/2015/prize,http://easy-small-world.com/hikiyama/,,unknown,,,,,,0,,2026-08-31T11:15:13.670974+00:00,,,"official heading/prose award record; no explicit public URL or GitHub URL on official source page; URL explored from https://urbandata-challenge.jp/2015/2015-archives; robots.txt error=ConnectionError; request skipped conservatively; robots.txt returned 404; no rules found; CDX filters=mimetype:text/html,collapse=digest"
2015,金賞,アプリケーション部門,北海道統計データ閲覧ツール Seseki,,https://urbandata-challenge.jp/2015/prize,http://labo.colspan.net/seseki_udc2015/,,unknown,,,,2016-09-02,2017-10-29,14,,2026-08-31T11:15:13.670974+00:00,,,"official heading/prose award record; no explicit public URL or GitHub URL on official source page; URL explored from https://urbandata-challenge.jp/2015/2015-archives; robots.txt error=ConnectionError; request skipped conservatively; robots.txt returned 404; no rules found; CDX filters=mimetype:text/html,collapse=digest"
2014,金賞,アプリケーション部門,さっぽろ保育園マップ,,https://urbandata-challenge.jp/2014/2014-archives,http://papamama.codeforsapporo.org/,,reachable_related,200,さっぽろ保育園マップ by Code for Sapporo,,2015-03-17,2023-04-01,5,,2026-08-31T09:59:15.805381+00:00,,,"official 2014 archive record; robots.txt returned 404; no rules found; project-name relatedness found in title/body; robots.txt returned 404; no rules found; CDX filters=mimetype:text/html,collapse=digest"
2014,銀賞 / 水戸市長特別賞,アプリケーション部門,How Will My City Affect Me?〜まちと私はどうなるの？〜,,https://urbandata-challenge.jp/2014/2014-archives,http://mycityforecast.net/mito/,,unreachable,404,,,2015-06-27,2015-10-26,2,,2026-08-31T09:59:15.805381+00:00,,,"official 2014 archive record; 部門賞/特別賞 recorded together; robots.txt returned 404; no rules found; robots.txt returned 404; no rules found; CDX filters=mimetype:text/html,collapse=digest"
2014,銅賞,アプリケーション部門,金沢区/減災クエスト,,https://urbandata-challenge.jp/2014/2014-archives,http://overdose.azurewebsites.net/2014kanazawa/,,unknown,,,,,,0,,2026-08-31T09:59:15.805381+00:00,,,"official 2014 archive record; robots.txt error=ConnectionError; request skipped conservatively; robots.txt returned 404; no rules found; CDX filters=mimetype:text/html,collapse=digest"
2014,銅賞,アプリケーション部門,まちの灯りを見てみよう！,,https://urbandata-challenge.jp/2014/2014-archives,http://apli.nono1.jp/nightview/,,unreachable,404,404 Error - Not Found,,2015-06-26,2023-11-02,2,,2026-08-31T09:59:15.805381+00:00,,,"official 2014 archive record; robots.txt returned 404; no rules found; robots.txt returned 404; no rules found; CDX filters=mimetype:text/html,collapse=digest"
2014,銅賞,アプリケーション部門,ソーシェルジェ,,https://urbandata-challenge.jp/2014/2014-archives,,,unknown,,,,,,,,2026-08-31T09:59:15.805381+00:00,,,official 2014 archive record; no explicit public URL or GitHub URL on official source page
2014,銅賞,アプリケーション部門,金沢すきま旅,,https://urbandata-challenge.jp/2014/2014-archives,http://apli.nono1.jp/nightview/,,unreachable,404,404 Error - Not Found,,2015-06-26,2023-11-02,2,,2026-08-31T09:59:15.805381+00:00,,,"official 2014 archive record; robots.txt returned 404; no rules found; robots.txt returned 404; no rules found; CDX filters=mimetype:text/html,collapse=digest"
2014,銀賞 / 水戸市長特別賞,アプリケーション部門,水戸中心商店街マップ オープンデータ化,,https://urbandata-challenge.jp/2014/2014-archives,,https://github.com/codeforibaraki/udc2014-data,reachable_related,200,GitHub - codeforibaraki/udc2014-data: アーバンデータチャレンジ2014 データ部門 商店街マップデータ · GitHub,,2018-06-11,2025-01-10,5,2015-02-01T12:41:31Z,2026-08-31T09:59:15.805381+00:00,,,"official 2014 archive record; 部門賞/特別賞 recorded together; survival check used github_url because primary_url is absent; robots.txt read; project-name relatedness found in title/body; robots.txt returned 404; no rules found; CDX filters=mimetype:text/html,collapse=digest; robots.txt returned 404; no rules found; GitHub REST API"
2014,銅賞,アプリケーション部門,地域資源データセット,,https://urbandata-challenge.jp/2014/2014-archives,http://linkdata.org/work/rdf1s2437i,,unreachable,500,Link and Publish your data｜Open data sharing & Download｜LinkData,,2019-08-18,2019-12-07,3,,2026-08-31T09:59:15.805381+00:00,,,"official 2014 archive record; robots.txt read; 5xx observed twice; robots.txt returned 404; no rules found; CDX filters=mimetype:text/html,collapse=digest"
2014,金賞,アイディア部門,ジジババウォッチ,,https://urbandata-challenge.jp/2014/2014-archives,,,unknown,,,,,,,,2026-08-31T09:59:15.805381+00:00,,,official 2014 archive record; no explicit public URL or GitHub URL on official source page
2014,銀賞,アイディア部門,ムロタクシェア,,https://urbandata-challenge.jp/2014/2014-archives,,,unknown,,,,,,,,2026-08-31T09:59:15.805381+00:00,,,official 2014 archive record; no explicit public URL or GitHub URL on official source page
2014,銀賞,アイディア部門,イベントコンシェルジュ,,https://urbandata-challenge.jp/2014/2014-archives,,,unknown,,,,,,,,2026-08-31T09:59:15.805381+00:00,,,official 2014 archive record; no explicit public URL or GitHub URL on official source page
2014,土木情報学特別賞（アイデア部門）,アイディア部門,PUBIC MIND HOME,,https://urbandata-challenge.jp/2014/2014-archives,,,unknown,,,,,,,,2026-08-31T09:59:15.805381+00:00,,,official 2014 archive record; no explicit public URL or GitHub URL on official source page
2014,水戸市長特別賞（アイデア部門）,アイディア部門,自転車向け情報活用による地域観光振興〜ラックバスの導入に向けて〜,,https://urbandata-challenge.jp/2014/2014-archives,,,unknown,,,,,,,,2026-08-31T09:59:15.805381+00:00,,,official 2014 archive record; no explicit public URL or GitHub URL on official source page
2014,部門賞 / 室蘭市特別賞,ソリューション部門,室蘭LocalWiki,,https://urbandata-challenge.jp/2014/2014-archives,https://ja.localwiki.org/mr/,,reachable_related,200,室蘭 - LocalWiki,,2015-01-09,2026-01-13,115,,2026-08-31T09:59:15.805381+00:00,,,"official 2014 archive record; 部門賞/特別賞 recorded together; robots.txt read; project-name relatedness found in title/body; robots.txt returned 404; no rules found; CDX filters=mimetype:text/html,collapse=digest"
2014,部門賞,ソリューション部門,5374（ゴミナシ）.jp,,https://urbandata-challenge.jp/2014/2014-archives,http://5374.jp/,,reachable_unrelated,200,5374 Official Website,,2013-12-22,2026-01-18,21,,2026-08-31T09:59:15.805381+00:00,,,"official 2014 archive record; robots.txt returned 404; no rules found; 200 page did not match project name; robots.txt returned 404; no rules found; CDX filters=mimetype:text/html,collapse=digest"
